pole_id,true_seq_on_line,true_parent_pole_id,dt_id
P-000001,1,,D-0001
P-000002,2,P-000001,D-0001
P-000003,3,P-000002,D-0001
P-000004,4,P-000003,D-0001
P-000005,5,P-000004,D-0001
P-000006,6,P-000005,D-0001
P-000007,7,P-000006,D-0001
P-000008,8,P-000007,D-0001
P-000009,9,P-000008,D-0001
P-000010,10,P-000009,D-0001
P-000011,11,P-000010,D-0001
P-000012,12,P-000011,D-0001
P-000013,13,P-000012,D-0001
P-000014,14,P-000013,D-0001
P-000015,15,P-000014,D-0001
P-000016,16,P-000015,D-0001
P-000017,17,P-000016,D-0001
P-000018,18,P-000017,D-0001
P-000019,19,P-000018,D-0001
P-000020,20,P-000019,D-0001
P-000021,21,P-000020,D-0001
P-000022,22,P-000021,D-0001
P-000023,23,P-000022,D-0001
P-000024,24,P-000023,D-0001
P-000025,25,P-000024,D-0001
P-000026,26,P-000025,D-0001
P-000027,27,P-000026,D-0001
P-000028,28,P-000027,D-0001
P-000029,29,P-000028,D-0001
P-000030,30,P-000029,D-0001
P-000031,31,P-000030,D-0001
P-000032,32,P-000031,D-0001
P-000033,33,P-000032,D-0001
P-000034,34,P-000033,D-0001
P-000035,35,P-000034,D-0001
P-000036,36,P-000035,D-0001
P-000037,37,P-000036,D-0001
P-000038,38,P-000037,D-0001
P-000039,39,P-000038,D-0001
P-000040,40,P-000039,D-0001
P-000041,41,P-000040,D-0001
P-000042,42,P-000041,D-0001
P-000043,43,P-000042,D-0001
P-000044,44,P-000043,D-0001
P-000045,45,P-000044,D-0001
P-000046,46,P-000045,D-0001
P-000047,47,P-000046,D-0001
P-000048,48,P-000047,D-0001
P-000049,49,P-000048,D-0001
P-000050,50,P-000049,D-0001
P-000051,51,P-000050,D-0001
P-000052,1,,D-0002
P-000053,2,P-000052,D-0002
P-000054,3,P-000053,D-0002
P-000055,4,P-000054,D-0002
P-000056,5,P-000055,D-0002
P-000057,6,P-000056,D-0002
P-000058,7,P-000057,D-0002
P-000059,8,P-000058,D-0002
P-000060,9,P-000059,D-0002
P-000061,10,P-000060,D-0002
P-000062,11,P-000061,D-0002
P-000063,12,P-000062,D-0002
P-000064,13,P-000063,D-0002
P-000065,14,P-000064,D-0002
P-000066,15,P-000065,D-0002
P-000067,16,P-000066,D-0002
P-000068,17,P-000067,D-0002
P-000069,18,P-000068,D-0002
P-000070,19,P-000069,D-0002
P-000071,20,P-000070,D-0002
P-000072,21,P-000071,D-0002
P-000073,22,P-000072,D-0002
P-000074,23,P-000073,D-0002
P-000075,24,P-000074,D-0002
P-000076,25,P-000075,D-0002
P-000077,26,P-000076,D-0002
P-000078,27,P-000077,D-0002
P-000079,28,P-000078,D-0002
P-000080,29,P-000079,D-0002
P-000081,30,P-000080,D-0002
P-000082,31,P-000081,D-0002
P-000083,32,P-000082,D-0002
P-000084,33,P-000083,D-0002
P-000085,34,P-000084,D-0002
P-000086,35,P-000085,D-0002
P-000087,36,P-000086,D-0002
P-000088,37,P-000087,D-0002
P-000089,38,P-000088,D-0002
P-000090,39,P-000089,D-0002
P-000091,40,P-000090,D-0002
P-000092,41,P-000091,D-0002
P-000093,42,P-000092,D-0002
P-000094,43,P-000093,D-0002
P-000095,44,P-000094,D-0002
P-000096,45,P-000095,D-0002
P-000097,46,P-000096,D-0002
P-000098,1,,D-0002
P-000099,2,P-000098,D-0002
P-000100,3,P-000099,D-0002
P-000101,4,P-000100,D-0002
P-000102,5,P-000101,D-0002
P-000103,6,P-000102,D-0002
P-000104,7,P-000103,D-0002
P-000105,8,P-000104,D-0002
P-000106,9,P-000105,D-0002
P-000107,10,P-000106,D-0002
P-000108,11,P-000107,D-0002
P-000109,12,P-000108,D-0002
P-000110,13,P-000109,D-0002
P-000111,14,P-000110,D-0002
P-000112,15,P-000111,D-0002
P-000113,16,P-000112,D-0002
P-000114,17,P-000113,D-0002
P-000115,18,P-000114,D-0002
P-000116,19,P-000115,D-0002
P-000117,20,P-000116,D-0002
P-000118,21,P-000117,D-0002
P-000119,22,P-000118,D-0002
P-000120,23,P-000119,D-0002
P-000121,24,P-000120,D-0002
P-000122,25,P-000121,D-0002
P-000123,26,P-000122,D-0002
P-000124,27,P-000123,D-0002
P-000125,28,P-000124,D-0002
P-000126,29,P-000125,D-0002
P-000127,30,P-000126,D-0002
P-000128,31,P-000127,D-0002
P-000129,32,P-000128,D-0002
P-000130,33,P-000129,D-0002
P-000131,34,P-000130,D-0002
P-000132,35,P-000131,D-0002
P-000133,36,P-000132,D-0002
P-000134,37,P-000133,D-0002
P-000135,38,P-000134,D-0002
P-000136,39,P-000135,D-0002
P-000137,40,P-000136,D-0002
P-000138,41,P-000137,D-0002
P-000139,42,P-000138,D-0002
P-000140,43,P-000139,D-0002
P-000141,44,P-000140,D-0002
P-000142,45,P-000141,D-0002
P-000143,46,P-000142,D-0002
P-000144,47,P-000143,D-0002
P-000145,48,P-000144,D-0002
P-000146,49,P-000145,D-0002
P-000147,50,P-000146,D-0002
P-000148,51,P-000147,D-0002
P-000149,1,P-000137,D-0002
P-000150,2,P-000149,D-0002
P-000151,3,P-000150,D-0002
P-000152,4,P-000151,D-0002
P-000153,5,P-000152,D-0002
P-000154,6,P-000153,D-0002
P-000155,7,P-000154,D-0002
P-000156,8,P-000155,D-0002
P-000157,9,P-000156,D-0002
P-000158,10,P-000157,D-0002
P-000159,11,P-000158,D-0002
P-000160,12,P-000159,D-0002
P-000161,13,P-000160,D-0002
P-000162,14,P-000161,D-0002
P-000163,15,P-000162,D-0002
P-000164,16,P-000163,D-0002
P-000165,17,P-000164,D-0002
P-000166,18,P-000165,D-0002
P-000167,19,P-000166,D-0002
P-000168,20,P-000167,D-0002
P-000169,21,P-000168,D-0002
P-000170,22,P-000169,D-0002
P-000171,23,P-000170,D-0002
P-000172,24,P-000171,D-0002
P-000173,25,P-000172,D-0002
P-000174,26,P-000173,D-0002
P-000175,27,P-000174,D-0002
P-000176,28,P-000175,D-0002
P-000177,29,P-000176,D-0002
P-000178,30,P-000177,D-0002
P-000179,31,P-000178,D-0002
P-000180,32,P-000179,D-0002
P-000181,33,P-000180,D-0002
P-000182,34,P-000181,D-0002
P-000183,35,P-000182,D-0002
P-000184,36,P-000183,D-0002
P-000185,37,P-000184,D-0002
P-000186,38,P-000185,D-0002
P-000187,39,P-000186,D-0002
P-000188,40,P-000187,D-0002
P-000189,41,P-000188,D-0002
P-000190,42,P-000189,D-0002
P-000191,43,P-000190,D-0002
P-000192,44,P-000191,D-0002
P-000193,45,P-000192,D-0002
P-000194,46,P-000193,D-0002
P-000195,47,P-000194,D-0002
P-000196,48,P-000195,D-0002
P-000197,49,P-000196,D-0002
P-000198,50,P-000197,D-0002
P-000199,51,P-000198,D-0002
P-000200,1,,D-0002
P-000201,2,P-000200,D-0002
P-000202,3,P-000201,D-0002
P-000203,4,P-000202,D-0002
P-000204,5,P-000203,D-0002
P-000205,6,P-000204,D-0002
P-000206,7,P-000205,D-0002
P-000207,8,P-000206,D-0002
P-000208,9,P-000207,D-0002
P-000209,10,P-000208,D-0002
P-000210,11,P-000209,D-0002
P-000211,12,P-000210,D-0002
P-000212,13,P-000211,D-0002
P-000213,14,P-000212,D-0002
P-000214,15,P-000213,D-0002
P-000215,16,P-000214,D-0002
P-000216,17,P-000215,D-0002
P-000217,18,P-000216,D-0002
P-000218,19,P-000217,D-0002
P-000219,20,P-000218,D-0002
P-000220,21,P-000219,D-0002
P-000221,22,P-000220,D-0002
P-000222,23,P-000221,D-0002
P-000223,24,P-000222,D-0002
P-000224,25,P-000223,D-0002
P-000225,26,P-000224,D-0002
P-000226,27,P-000225,D-0002
P-000227,28,P-000226,D-0002
P-000228,29,P-000227,D-0002
P-000229,30,P-000228,D-0002
P-000230,31,P-000229,D-0002
P-000231,32,P-000230,D-0002
P-000232,33,P-000231,D-0002
P-000233,34,P-000232,D-0002
P-000234,35,P-000233,D-0002
P-000235,36,P-000234,D-0002
P-000236,37,P-000235,D-0002
P-000237,1,,D-0003
P-000238,2,P-000237,D-0003
P-000239,3,P-000238,D-0003
P-000240,4,P-000239,D-0003
P-000241,5,P-000240,D-0003
P-000242,6,P-000241,D-0003
P-000243,7,P-000242,D-0003
P-000244,8,P-000243,D-0003
P-000245,9,P-000244,D-0003
P-000246,10,P-000245,D-0003
P-000247,11,P-000246,D-0003
P-000248,12,P-000247,D-0003
P-000249,13,P-000248,D-0003
P-000250,14,P-000249,D-0003
P-000251,15,P-000250,D-0003
P-000252,16,P-000251,D-0003
P-000253,17,P-000252,D-0003
P-000254,18,P-000253,D-0003
P-000255,19,P-000254,D-0003
P-000256,20,P-000255,D-0003
P-000257,21,P-000256,D-0003
P-000258,22,P-000257,D-0003
P-000259,23,P-000258,D-0003
P-000260,1,,D-0003
P-000261,2,P-000260,D-0003
P-000262,3,P-000261,D-0003
P-000263,4,P-000262,D-0003
P-000264,5,P-000263,D-0003
P-000265,6,P-000264,D-0003
P-000266,7,P-000265,D-0003
P-000267,8,P-000266,D-0003
P-000268,9,P-000267,D-0003
P-000269,10,P-000268,D-0003
P-000270,11,P-000269,D-0003
P-000271,12,P-000270,D-0003
P-000272,13,P-000271,D-0003
P-000273,14,P-000272,D-0003
P-000274,15,P-000273,D-0003
P-000275,16,P-000274,D-0003
P-000276,17,P-000275,D-0003
P-000277,18,P-000276,D-0003
P-000278,19,P-000277,D-0003
P-000279,20,P-000278,D-0003
P-000280,21,P-000279,D-0003
P-000281,22,P-000280,D-0003
P-000282,23,P-000281,D-0003
P-000283,24,P-000282,D-0003
P-000284,25,P-000283,D-0003
P-000285,26,P-000284,D-0003
P-000286,27,P-000285,D-0003
P-000287,1,P-000282,D-0003
P-000288,2,P-000287,D-0003
P-000289,3,P-000288,D-0003
P-000290,4,P-000289,D-0003
P-000291,5,P-000290,D-0003
P-000292,6,P-000291,D-0003
P-000293,7,P-000292,D-0003
P-000294,8,P-000293,D-0003
P-000295,9,P-000294,D-0003
P-000296,10,P-000295,D-0003
P-000297,11,P-000296,D-0003
P-000298,12,P-000297,D-0003
P-000299,13,P-000298,D-0003
P-000300,14,P-000299,D-0003
P-000301,15,P-000300,D-0003
P-000302,16,P-000301,D-0003
P-000303,1,,D-0004
P-000304,2,P-000303,D-0004
P-000305,3,P-000304,D-0004
P-000306,4,P-000305,D-0004
P-000307,5,P-000306,D-0004
P-000308,6,P-000307,D-0004
P-000309,7,P-000308,D-0004
P-000310,8,P-000309,D-0004
P-000311,9,P-000310,D-0004
P-000312,10,P-000311,D-0004
P-000313,11,P-000312,D-0004
P-000314,12,P-000313,D-0004
P-000315,13,P-000314,D-0004
P-000316,14,P-000315,D-0004
P-000317,15,P-000316,D-0004
P-000318,16,P-000317,D-0004
P-000319,17,P-000318,D-0004
P-000320,18,P-000319,D-0004
P-000321,19,P-000320,D-0004
P-000322,20,P-000321,D-0004
P-000323,21,P-000322,D-0004
P-000324,22,P-000323,D-0004
P-000325,23,P-000324,D-0004
P-000326,24,P-000325,D-0004
P-000327,25,P-000326,D-0004
P-000328,26,P-000327,D-0004
P-000329,27,P-000328,D-0004
P-000330,28,P-000329,D-0004
P-000331,29,P-000330,D-0004
P-000332,30,P-000331,D-0004
P-000333,31,P-000332,D-0004
P-000334,32,P-000333,D-0004
P-000335,33,P-000334,D-0004
P-000336,34,P-000335,D-0004
P-000337,35,P-000336,D-0004
P-000338,1,P-000329,D-0004
P-000339,2,P-000338,D-0004
P-000340,3,P-000339,D-0004
P-000341,4,P-000340,D-0004
P-000342,5,P-000341,D-0004
P-000343,6,P-000342,D-0004
P-000344,7,P-000343,D-0004
P-000345,8,P-000344,D-0004
P-000346,9,P-000345,D-0004
P-000347,10,P-000346,D-0004
P-000348,11,P-000347,D-0004
P-000349,12,P-000348,D-0004
P-000350,13,P-000349,D-0004
P-000351,14,P-000350,D-0004
P-000352,15,P-000351,D-0004
P-000353,16,P-000352,D-0004
P-000354,17,P-000353,D-0004
P-000355,18,P-000354,D-0004
P-000356,19,P-000355,D-0004
P-000357,20,P-000356,D-0004
P-000358,21,P-000357,D-0004
P-000359,22,P-000358,D-0004
P-000360,23,P-000359,D-0004
P-000361,24,P-000360,D-0004
P-000362,25,P-000361,D-0004
P-000363,26,P-000362,D-0004
P-000364,27,P-000363,D-0004
P-000365,28,P-000364,D-0004
P-000366,29,P-000365,D-0004
P-000367,30,P-000366,D-0004
P-000368,31,P-000367,D-0004
P-000369,32,P-000368,D-0004
P-000370,33,P-000369,D-0004
P-000371,34,P-000370,D-0004
P-000372,35,P-000371,D-0004
P-000373,36,P-000372,D-0004
P-000374,37,P-000373,D-0004
P-000375,38,P-000374,D-0004
P-000376,39,P-000375,D-0004
P-000377,40,P-000376,D-0004
P-000378,41,P-000377,D-0004
P-000379,42,P-000378,D-0004
P-000380,1,,D-0004
P-000381,2,P-000380,D-0004
P-000382,3,P-000381,D-0004
P-000383,4,P-000382,D-0004
P-000384,5,P-000383,D-0004
P-000385,6,P-000384,D-0004
P-000386,7,P-000385,D-0004
P-000387,8,P-000386,D-0004
P-000388,9,P-000387,D-0004
P-000389,10,P-000388,D-0004
P-000390,11,P-000389,D-0004
P-000391,12,P-000390,D-0004
P-000392,13,P-000391,D-0004
P-000393,14,P-000392,D-0004
P-000394,15,P-000393,D-0004
P-000395,16,P-000394,D-0004
P-000396,17,P-000395,D-0004
P-000397,18,P-000396,D-0004
P-000398,19,P-000397,D-0004
P-000399,20,P-000398,D-0004
P-000400,21,P-000399,D-0004
P-000401,22,P-000400,D-0004
P-000402,23,P-000401,D-0004
P-000403,24,P-000402,D-0004
P-000404,25,P-000403,D-0004
P-000405,26,P-000404,D-0004
P-000406,27,P-000405,D-0004
P-000407,28,P-000406,D-0004
P-000408,29,P-000407,D-0004
P-000409,30,P-000408,D-0004
P-000410,1,,D-0005
P-000411,2,P-000410,D-0005
P-000412,3,P-000411,D-0005
P-000413,4,P-000412,D-0005
P-000414,5,P-000413,D-0005
P-000415,6,P-000414,D-0005
P-000416,7,P-000415,D-0005
P-000417,8,P-000416,D-0005
P-000418,9,P-000417,D-0005
P-000419,10,P-000418,D-0005
P-000420,11,P-000419,D-0005
P-000421,12,P-000420,D-0005
P-000422,13,P-000421,D-0005
P-000423,14,P-000422,D-0005
P-000424,15,P-000423,D-0005
P-000425,16,P-000424,D-0005
P-000426,17,P-000425,D-0005
P-000427,18,P-000426,D-0005
P-000428,19,P-000427,D-0005
P-000429,20,P-000428,D-0005
P-000430,21,P-000429,D-0005
P-000431,22,P-000430,D-0005
P-000432,23,P-000431,D-0005
P-000433,24,P-000432,D-0005
P-000434,25,P-000433,D-0005
P-000435,26,P-000434,D-0005
P-000436,27,P-000435,D-0005
P-000437,28,P-000436,D-0005
P-000438,29,P-000437,D-0005
P-000439,30,P-000438,D-0005
P-000440,31,P-000439,D-0005
P-000441,32,P-000440,D-0005
P-000442,33,P-000441,D-0005
P-000443,34,P-000442,D-0005
P-000444,35,P-000443,D-0005
P-000445,1,P-000419,D-0005
P-000446,2,P-000445,D-0005
P-000447,3,P-000446,D-0005
P-000448,4,P-000447,D-0005
P-000449,5,P-000448,D-0005
P-000450,6,P-000449,D-0005
P-000451,7,P-000450,D-0005
P-000452,8,P-000451,D-0005
P-000453,9,P-000452,D-0005
P-000454,10,P-000453,D-0005
P-000455,11,P-000454,D-0005
P-000456,12,P-000455,D-0005
P-000457,13,P-000456,D-0005
P-000458,14,P-000457,D-0005
P-000459,15,P-000458,D-0005
P-000460,16,P-000459,D-0005
P-000461,17,P-000460,D-0005
P-000462,18,P-000461,D-0005
P-000463,19,P-000462,D-0005
P-000464,20,P-000463,D-0005
P-000465,21,P-000464,D-0005
P-000466,22,P-000465,D-0005
P-000467,23,P-000466,D-0005
P-000468,24,P-000467,D-0005
P-000469,25,P-000468,D-0005
P-000470,26,P-000469,D-0005
P-000471,27,P-000470,D-0005
P-000472,28,P-000471,D-0005
P-000473,29,P-000472,D-0005
P-000474,30,P-000473,D-0005
P-000475,31,P-000474,D-0005
P-000476,32,P-000475,D-0005
P-000477,33,P-000476,D-0005
P-000478,34,P-000477,D-0005
P-000479,35,P-000478,D-0005
P-000480,36,P-000479,D-0005
P-000481,37,P-000480,D-0005
P-000482,38,P-000481,D-0005
P-000483,39,P-000482,D-0005
P-000484,40,P-000483,D-0005
P-000485,41,P-000484,D-0005
P-000486,42,P-000485,D-0005
P-000487,43,P-000486,D-0005
P-000488,44,P-000487,D-0005
P-000489,45,P-000488,D-0005
P-000490,46,P-000489,D-0005
P-000491,47,P-000490,D-0005
P-000492,48,P-000491,D-0005
P-000493,49,P-000492,D-0005
P-000494,50,P-000493,D-0005
P-000495,51,P-000494,D-0005
P-000496,52,P-000495,D-0005
P-000497,1,P-000455,D-0005
P-000498,2,P-000497,D-0005
P-000499,3,P-000498,D-0005
P-000500,4,P-000499,D-0005
P-000501,5,P-000500,D-0005
P-000502,6,P-000501,D-0005
P-000503,7,P-000502,D-0005
P-000504,8,P-000503,D-0005
P-000505,9,P-000504,D-0005
P-000506,10,P-000505,D-0005
P-000507,11,P-000506,D-0005
P-000508,12,P-000507,D-0005
P-000509,13,P-000508,D-0005
P-000510,14,P-000509,D-0005
P-000511,15,P-000510,D-0005
P-000512,16,P-000511,D-0005
P-000513,17,P-000512,D-0005
P-000514,18,P-000513,D-0005
P-000515,19,P-000514,D-0005
P-000516,20,P-000515,D-0005
P-000517,21,P-000516,D-0005
P-000518,22,P-000517,D-0005
P-000519,23,P-000518,D-0005
P-000520,24,P-000519,D-0005
P-000521,25,P-000520,D-0005
P-000522,26,P-000521,D-0005
P-000523,27,P-000522,D-0005
P-000524,28,P-000523,D-0005
P-000525,29,P-000524,D-0005
P-000526,30,P-000525,D-0005
P-000527,31,P-000526,D-0005
P-000528,32,P-000527,D-0005
P-000529,33,P-000528,D-0005
P-000530,34,P-000529,D-0005
P-000531,35,P-000530,D-0005
P-000532,36,P-000531,D-0005
P-000533,37,P-000532,D-0005
P-000534,38,P-000533,D-0005
P-000535,39,P-000534,D-0005
P-000536,40,P-000535,D-0005
P-000537,41,P-000536,D-0005
P-000538,42,P-000537,D-0005
P-000539,43,P-000538,D-0005
P-000540,44,P-000539,D-0005
P-000541,45,P-000540,D-0005
P-000542,46,P-000541,D-0005
P-000543,47,P-000542,D-0005
P-000544,48,P-000543,D-0005
P-000545,49,P-000544,D-0005
P-000546,50,P-000545,D-0005
P-000547,51,P-000546,D-0005
P-000548,52,P-000547,D-0005
P-000549,1,,D-0005
P-000550,2,P-000549,D-0005
P-000551,3,P-000550,D-0005
P-000552,4,P-000551,D-0005
P-000553,5,P-000552,D-0005
P-000554,6,P-000553,D-0005
P-000555,7,P-000554,D-0005
P-000556,8,P-000555,D-0005
P-000557,9,P-000556,D-0005
P-000558,10,P-000557,D-0005
P-000559,11,P-000558,D-0005
P-000560,12,P-000559,D-0005
P-000561,13,P-000560,D-0005
P-000562,14,P-000561,D-0005
P-000563,15,P-000562,D-0005
P-000564,16,P-000563,D-0005
P-000565,17,P-000564,D-0005
P-000566,18,P-000565,D-0005
P-000567,19,P-000566,D-0005
P-000568,20,P-000567,D-0005
P-000569,21,P-000568,D-0005
P-000570,22,P-000569,D-0005
P-000571,23,P-000570,D-0005
P-000572,24,P-000571,D-0005
P-000573,25,P-000572,D-0005
P-000574,26,P-000573,D-0005
P-000575,27,P-000574,D-0005
P-000576,28,P-000575,D-0005
P-000577,29,P-000576,D-0005
P-000578,30,P-000577,D-0005
P-000579,1,P-000527,D-0005
P-000580,2,P-000579,D-0005
P-000581,3,P-000580,D-0005
P-000582,4,P-000581,D-0005
P-000583,5,P-000582,D-0005
P-000584,6,P-000583,D-0005
P-000585,7,P-000584,D-0005
P-000586,8,P-000585,D-0005
P-000587,9,P-000586,D-0005
P-000588,10,P-000587,D-0005
P-000589,11,P-000588,D-0005
P-000590,12,P-000589,D-0005
P-000591,13,P-000590,D-0005
P-000592,14,P-000591,D-0005
P-000593,15,P-000592,D-0005
P-000594,16,P-000593,D-0005
P-000595,17,P-000594,D-0005
P-000596,18,P-000595,D-0005
P-000597,19,P-000596,D-0005
P-000598,20,P-000597,D-0005
P-000599,21,P-000598,D-0005
P-000600,22,P-000599,D-0005
P-000601,23,P-000600,D-0005
P-000602,24,P-000601,D-0005
P-000603,25,P-000602,D-0005
P-000604,26,P-000603,D-0005
P-000605,27,P-000604,D-0005
P-000606,28,P-000605,D-0005
P-000607,29,P-000606,D-0005
P-000608,30,P-000607,D-0005
P-000609,31,P-000608,D-0005
P-000610,32,P-000609,D-0005
P-000611,33,P-000610,D-0005
P-000612,34,P-000611,D-0005
P-000613,35,P-000612,D-0005
P-000614,36,P-000613,D-0005
P-000615,37,P-000614,D-0005
P-000616,38,P-000615,D-0005
P-000617,39,P-000616,D-0005
P-000618,40,P-000617,D-0005
P-000619,41,P-000618,D-0005
P-000620,42,P-000619,D-0005
P-000621,43,P-000620,D-0005
P-000622,44,P-000621,D-0005
P-000623,45,P-000622,D-0005
P-000624,46,P-000623,D-0005
P-000625,47,P-000624,D-0005
P-000626,1,,D-0006
P-000627,2,P-000626,D-0006
P-000628,3,P-000627,D-0006
P-000629,4,P-000628,D-0006
P-000630,5,P-000629,D-0006
P-000631,6,P-000630,D-0006
P-000632,7,P-000631,D-0006
P-000633,8,P-000632,D-0006
P-000634,9,P-000633,D-0006
P-000635,10,P-000634,D-0006
P-000636,11,P-000635,D-0006
P-000637,12,P-000636,D-0006
P-000638,13,P-000637,D-0006
P-000639,14,P-000638,D-0006
P-000640,15,P-000639,D-0006
P-000641,16,P-000640,D-0006
P-000642,17,P-000641,D-0006
P-000643,18,P-000642,D-0006
P-000644,19,P-000643,D-0006
P-000645,20,P-000644,D-0006
P-000646,21,P-000645,D-0006
P-000647,22,P-000646,D-0006
P-000648,23,P-000647,D-0006
P-000649,24,P-000648,D-0006
P-000650,25,P-000649,D-0006
P-000651,26,P-000650,D-0006
P-000652,27,P-000651,D-0006
P-000653,28,P-000652,D-0006
P-000654,29,P-000653,D-0006
P-000655,30,P-000654,D-0006
P-000656,1,,D-0006
P-000657,2,P-000656,D-0006
P-000658,3,P-000657,D-0006
P-000659,4,P-000658,D-0006
P-000660,5,P-000659,D-0006
P-000661,6,P-000660,D-0006
P-000662,7,P-000661,D-0006
P-000663,8,P-000662,D-0006
P-000664,9,P-000663,D-0006
P-000665,10,P-000664,D-0006
P-000666,11,P-000665,D-0006
P-000667,12,P-000666,D-0006
P-000668,13,P-000667,D-0006
P-000669,14,P-000668,D-0006
P-000670,15,P-000669,D-0006
P-000671,16,P-000670,D-0006
P-000672,17,P-000671,D-0006
P-000673,18,P-000672,D-0006
P-000674,19,P-000673,D-0006
P-000675,20,P-000674,D-0006
P-000676,21,P-000675,D-0006
P-000677,22,P-000676,D-0006
P-000678,23,P-000677,D-0006
P-000679,24,P-000678,D-0006
P-000680,25,P-000679,D-0006
P-000681,26,P-000680,D-0006
P-000682,27,P-000681,D-0006
P-000683,28,P-000682,D-0006
P-000684,29,P-000683,D-0006
P-000685,30,P-000684,D-0006
P-000686,31,P-000685,D-0006
P-000687,1,,D-0007
P-000688,2,P-000687,D-0007
P-000689,3,P-000688,D-0007
P-000690,4,P-000689,D-0007
P-000691,5,P-000690,D-0007
P-000692,6,P-000691,D-0007
P-000693,7,P-000692,D-0007
P-000694,8,P-000693,D-0007
P-000695,9,P-000694,D-0007
P-000696,10,P-000695,D-0007
P-000697,11,P-000696,D-0007
P-000698,12,P-000697,D-0007
P-000699,13,P-000698,D-0007
P-000700,14,P-000699,D-0007
P-000701,15,P-000700,D-0007
P-000702,16,P-000701,D-0007
P-000703,17,P-000702,D-0007
P-000704,18,P-000703,D-0007
P-000705,19,P-000704,D-0007
P-000706,20,P-000705,D-0007
P-000707,21,P-000706,D-0007
P-000708,22,P-000707,D-0007
P-000709,23,P-000708,D-0007
P-000710,24,P-000709,D-0007
P-000711,25,P-000710,D-0007
P-000712,26,P-000711,D-0007
P-000713,27,P-000712,D-0007
P-000714,28,P-000713,D-0007
P-000715,29,P-000714,D-0007
P-000716,30,P-000715,D-0007
P-000717,31,P-000716,D-0007
P-000718,32,P-000717,D-0007
P-000719,33,P-000718,D-0007
P-000720,34,P-000719,D-0007
P-000721,35,P-000720,D-0007
P-000722,36,P-000721,D-0007
P-000723,37,P-000722,D-0007
P-000724,38,P-000723,D-0007
P-000725,39,P-000724,D-0007
P-000726,40,P-000725,D-0007
P-000727,41,P-000726,D-0007
P-000728,42,P-000727,D-0007
P-000729,43,P-000728,D-0007
P-000730,44,P-000729,D-0007
P-000731,45,P-000730,D-0007
P-000732,46,P-000731,D-0007
P-000733,47,P-000732,D-0007
P-000734,48,P-000733,D-0007
P-000735,49,P-000734,D-0007
P-000736,50,P-000735,D-0007
P-000737,51,P-000736,D-0007
P-000738,52,P-000737,D-0007
P-000739,53,P-000738,D-0007
P-000740,1,,D-0008
P-000741,2,P-000740,D-0008
P-000742,3,P-000741,D-0008
P-000743,4,P-000742,D-0008
P-000744,5,P-000743,D-0008
P-000745,6,P-000744,D-0008
P-000746,7,P-000745,D-0008
P-000747,8,P-000746,D-0008
P-000748,9,P-000747,D-0008
P-000749,10,P-000748,D-0008
P-000750,11,P-000749,D-0008
P-000751,12,P-000750,D-0008
P-000752,13,P-000751,D-0008
P-000753,14,P-000752,D-0008
P-000754,15,P-000753,D-0008
P-000755,16,P-000754,D-0008
P-000756,17,P-000755,D-0008
P-000757,18,P-000756,D-0008
P-000758,19,P-000757,D-0008
P-000759,20,P-000758,D-0008
P-000760,21,P-000759,D-0008
P-000761,22,P-000760,D-0008
P-000762,23,P-000761,D-0008
P-000763,24,P-000762,D-0008
P-000764,25,P-000763,D-0008
P-000765,26,P-000764,D-0008
P-000766,27,P-000765,D-0008
P-000767,28,P-000766,D-0008
P-000768,29,P-000767,D-0008
P-000769,30,P-000768,D-0008
P-000770,31,P-000769,D-0008
P-000771,1,,D-0008
P-000772,2,P-000771,D-0008
P-000773,3,P-000772,D-0008
P-000774,4,P-000773,D-0008
P-000775,5,P-000774,D-0008
P-000776,6,P-000775,D-0008
P-000777,7,P-000776,D-0008
P-000778,8,P-000777,D-0008
P-000779,9,P-000778,D-0008
P-000780,10,P-000779,D-0008
P-000781,11,P-000780,D-0008
P-000782,12,P-000781,D-0008
P-000783,13,P-000782,D-0008
P-000784,14,P-000783,D-0008
P-000785,15,P-000784,D-0008
P-000786,16,P-000785,D-0008
P-000787,17,P-000786,D-0008
P-000788,18,P-000787,D-0008
P-000789,19,P-000788,D-0008
P-000790,20,P-000789,D-0008
P-000791,21,P-000790,D-0008
P-000792,22,P-000791,D-0008
P-000793,23,P-000792,D-0008
P-000794,24,P-000793,D-0008
P-000795,25,P-000794,D-0008
P-000796,26,P-000795,D-0008
P-000797,27,P-000796,D-0008
P-000798,1,,D-0009
P-000799,2,P-000798,D-0009
P-000800,3,P-000799,D-0009
P-000801,4,P-000800,D-0009
P-000802,5,P-000801,D-0009
P-000803,6,P-000802,D-0009
P-000804,7,P-000803,D-0009
P-000805,8,P-000804,D-0009
P-000806,9,P-000805,D-0009
P-000807,10,P-000806,D-0009
P-000808,11,P-000807,D-0009
P-000809,12,P-000808,D-0009
P-000810,13,P-000809,D-0009
P-000811,14,P-000810,D-0009
P-000812,15,P-000811,D-0009
P-000813,16,P-000812,D-0009
P-000814,17,P-000813,D-0009
P-000815,18,P-000814,D-0009
P-000816,19,P-000815,D-0009
P-000817,20,P-000816,D-0009
P-000818,21,P-000817,D-0009
P-000819,22,P-000818,D-0009
P-000820,23,P-000819,D-0009
P-000821,24,P-000820,D-0009
P-000822,25,P-000821,D-0009
P-000823,26,P-000822,D-0009
P-000824,27,P-000823,D-0009
P-000825,28,P-000824,D-0009
P-000826,29,P-000825,D-0009
P-000827,30,P-000826,D-0009
P-000828,31,P-000827,D-0009
P-000829,32,P-000828,D-0009
P-000830,33,P-000829,D-0009
P-000831,34,P-000830,D-0009
P-000832,35,P-000831,D-0009
P-000833,36,P-000832,D-0009
P-000834,1,,D-0010
P-000835,2,P-000834,D-0010
P-000836,3,P-000835,D-0010
P-000837,4,P-000836,D-0010
P-000838,5,P-000837,D-0010
P-000839,6,P-000838,D-0010
P-000840,7,P-000839,D-0010
P-000841,8,P-000840,D-0010
P-000842,9,P-000841,D-0010
P-000843,10,P-000842,D-0010
P-000844,11,P-000843,D-0010
P-000845,1,P-000835,D-0010
P-000846,2,P-000845,D-0010
P-000847,3,P-000846,D-0010
P-000848,4,P-000847,D-0010
P-000849,5,P-000848,D-0010
P-000850,6,P-000849,D-0010
P-000851,7,P-000850,D-0010
P-000852,8,P-000851,D-0010
P-000853,9,P-000852,D-0010
P-000854,10,P-000853,D-0010
P-000855,11,P-000854,D-0010
P-000856,12,P-000855,D-0010
P-000857,13,P-000856,D-0010
P-000858,14,P-000857,D-0010
P-000859,15,P-000858,D-0010
P-000860,16,P-000859,D-0010
P-000861,17,P-000860,D-0010
P-000862,18,P-000861,D-0010
P-000863,19,P-000862,D-0010
P-000864,20,P-000863,D-0010
P-000865,21,P-000864,D-0010
P-000866,1,,D-0011
P-000867,2,P-000866,D-0011
P-000868,3,P-000867,D-0011
P-000869,4,P-000868,D-0011
P-000870,5,P-000869,D-0011
P-000871,6,P-000870,D-0011
P-000872,7,P-000871,D-0011
P-000873,8,P-000872,D-0011
P-000874,9,P-000873,D-0011
P-000875,10,P-000874,D-0011
P-000876,11,P-000875,D-0011
P-000877,12,P-000876,D-0011
P-000878,13,P-000877,D-0011
P-000879,14,P-000878,D-0011
P-000880,15,P-000879,D-0011
P-000881,16,P-000880,D-0011
P-000882,17,P-000881,D-0011
P-000883,18,P-000882,D-0011
P-000884,19,P-000883,D-0011
P-000885,20,P-000884,D-0011
P-000886,21,P-000885,D-0011
P-000887,22,P-000886,D-0011
P-000888,23,P-000887,D-0011
P-000889,24,P-000888,D-0011
P-000890,25,P-000889,D-0011
P-000891,26,P-000890,D-0011
P-000892,27,P-000891,D-0011
P-000893,1,,D-0011
P-000894,2,P-000893,D-0011
P-000895,3,P-000894,D-0011
P-000896,4,P-000895,D-0011
P-000897,5,P-000896,D-0011
P-000898,6,P-000897,D-0011
P-000899,7,P-000898,D-0011
P-000900,8,P-000899,D-0011
P-000901,9,P-000900,D-0011
P-000902,10,P-000901,D-0011
P-000903,11,P-000902,D-0011
P-000904,12,P-000903,D-0011
P-000905,13,P-000904,D-0011
P-000906,14,P-000905,D-0011
P-000907,15,P-000906,D-0011
P-000908,16,P-000907,D-0011
P-000909,17,P-000908,D-0011
P-000910,18,P-000909,D-0011
P-000911,19,P-000910,D-0011
P-000912,20,P-000911,D-0011
P-000913,1,,D-0011
P-000914,2,P-000913,D-0011
P-000915,3,P-000914,D-0011
P-000916,4,P-000915,D-0011
P-000917,5,P-000916,D-0011
P-000918,6,P-000917,D-0011
P-000919,7,P-000918,D-0011
P-000920,8,P-000919,D-0011
P-000921,9,P-000920,D-0011
P-000922,10,P-000921,D-0011
P-000923,11,P-000922,D-0011
P-000924,12,P-000923,D-0011
P-000925,13,P-000924,D-0011
P-000926,14,P-000925,D-0011
P-000927,15,P-000926,D-0011
P-000928,16,P-000927,D-0011
P-000929,17,P-000928,D-0011
P-000930,18,P-000929,D-0011
P-000931,19,P-000930,D-0011
P-000932,20,P-000931,D-0011
P-000933,21,P-000932,D-0011
P-000934,22,P-000933,D-0011
P-000935,23,P-000934,D-0011
P-000936,24,P-000935,D-0011
P-000937,1,,D-0011
P-000938,2,P-000937,D-0011
P-000939,3,P-000938,D-0011
P-000940,4,P-000939,D-0011
P-000941,5,P-000940,D-0011
P-000942,6,P-000941,D-0011
P-000943,7,P-000942,D-0011
P-000944,8,P-000943,D-0011
P-000945,9,P-000944,D-0011
P-000946,10,P-000945,D-0011
P-000947,11,P-000946,D-0011
P-000948,12,P-000947,D-0011
P-000949,13,P-000948,D-0011
P-000950,14,P-000949,D-0011
P-000951,15,P-000950,D-0011
P-000952,16,P-000951,D-0011
P-000953,17,P-000952,D-0011
P-000954,18,P-000953,D-0011
P-000955,19,P-000954,D-0011
P-000956,20,P-000955,D-0011
P-000957,21,P-000956,D-0011
P-000958,22,P-000957,D-0011
P-000959,23,P-000958,D-0011
P-000960,24,P-000959,D-0011
P-000961,25,P-000960,D-0011
P-000962,26,P-000961,D-0011
P-000963,27,P-000962,D-0011
P-000964,28,P-000963,D-0011
P-000965,29,P-000964,D-0011
P-000966,30,P-000965,D-0011
P-000967,31,P-000966,D-0011
P-000968,32,P-000967,D-0011
P-000969,33,P-000968,D-0011
P-000970,34,P-000969,D-0011
P-000971,35,P-000970,D-0011
P-000972,36,P-000971,D-0011
P-000973,37,P-000972,D-0011
P-000974,38,P-000973,D-0011
P-000975,39,P-000974,D-0011
P-000976,40,P-000975,D-0011
P-000977,41,P-000976,D-0011
P-000978,42,P-000977,D-0011
P-000979,43,P-000978,D-0011
P-000980,44,P-000979,D-0011
P-000981,45,P-000980,D-0011
P-000982,1,,D-0012
P-000983,2,P-000982,D-0012
P-000984,3,P-000983,D-0012
P-000985,4,P-000984,D-0012
P-000986,5,P-000985,D-0012
P-000987,6,P-000986,D-0012
P-000988,7,P-000987,D-0012
P-000989,8,P-000988,D-0012
P-000990,1,P-000989,D-0012
P-000991,2,P-000990,D-0012
P-000992,3,P-000991,D-0012
P-000993,4,P-000992,D-0012
P-000994,5,P-000993,D-0012
P-000995,6,P-000994,D-0012
P-000996,7,P-000995,D-0012
P-000997,8,P-000996,D-0012
P-000998,9,P-000997,D-0012
P-000999,10,P-000998,D-0012
P-001000,1,,D-0012
P-001001,2,P-001000,D-0012
P-001002,3,P-001001,D-0012
P-001003,4,P-001002,D-0012
P-001004,5,P-001003,D-0012
P-001005,6,P-001004,D-0012
P-001006,7,P-001005,D-0012
P-001007,8,P-001006,D-0012
P-001008,9,P-001007,D-0012
P-001009,10,P-001008,D-0012
P-001010,11,P-001009,D-0012
P-001011,12,P-001010,D-0012
P-001012,13,P-001011,D-0012
P-001013,1,,D-0013
P-001014,2,P-001013,D-0013
P-001015,3,P-001014,D-0013
P-001016,4,P-001015,D-0013
P-001017,5,P-001016,D-0013
P-001018,6,P-001017,D-0013
P-001019,7,P-001018,D-0013
P-001020,8,P-001019,D-0013
P-001021,9,P-001020,D-0013
P-001022,10,P-001021,D-0013
P-001023,11,P-001022,D-0013
P-001024,12,P-001023,D-0013
P-001025,13,P-001024,D-0013
P-001026,1,,D-0013
P-001027,2,P-001026,D-0013
P-001028,3,P-001027,D-0013
P-001029,4,P-001028,D-0013
P-001030,5,P-001029,D-0013
P-001031,6,P-001030,D-0013
P-001032,7,P-001031,D-0013
P-001033,8,P-001032,D-0013
P-001034,9,P-001033,D-0013
P-001035,10,P-001034,D-0013
P-001036,11,P-001035,D-0013
P-001037,1,P-001024,D-0013
P-001038,2,P-001037,D-0013
P-001039,3,P-001038,D-0013
P-001040,4,P-001039,D-0013
P-001041,5,P-001040,D-0013
P-001042,6,P-001041,D-0013
P-001043,7,P-001042,D-0013
P-001044,8,P-001043,D-0013
P-001045,9,P-001044,D-0013
P-001046,10,P-001045,D-0013
P-001047,11,P-001046,D-0013
P-001048,12,P-001047,D-0013
P-001049,1,P-001038,D-0013
P-001050,2,P-001049,D-0013
P-001051,3,P-001050,D-0013
P-001052,4,P-001051,D-0013
P-001053,5,P-001052,D-0013
P-001054,6,P-001053,D-0013
P-001055,7,P-001054,D-0013
P-001056,8,P-001055,D-0013
P-001057,9,P-001056,D-0013
P-001058,10,P-001057,D-0013
P-001059,11,P-001058,D-0013
P-001060,12,P-001059,D-0013
P-001061,13,P-001060,D-0013
P-001062,14,P-001061,D-0013
P-001063,1,,D-0013
P-001064,2,P-001063,D-0013
P-001065,3,P-001064,D-0013
P-001066,4,P-001065,D-0013
P-001067,5,P-001066,D-0013
P-001068,6,P-001067,D-0013
P-001069,7,P-001068,D-0013
P-001070,8,P-001069,D-0013
P-001071,9,P-001070,D-0013
P-001072,10,P-001071,D-0013
P-001073,11,P-001072,D-0013
P-001074,12,P-001073,D-0013
P-001075,13,P-001074,D-0013
P-001076,14,P-001075,D-0013
P-001077,15,P-001076,D-0013
P-001078,16,P-001077,D-0013
P-001079,17,P-001078,D-0013
P-001080,18,P-001079,D-0013
P-001081,19,P-001080,D-0013
P-001082,20,P-001081,D-0013
P-001083,21,P-001082,D-0013
P-001084,22,P-001083,D-0013
P-001085,23,P-001084,D-0013
P-001086,1,,D-0014
P-001087,2,P-001086,D-0014
P-001088,3,P-001087,D-0014
P-001089,4,P-001088,D-0014
P-001090,5,P-001089,D-0014
P-001091,1,P-001088,D-0014
P-001092,2,P-001091,D-0014
P-001093,3,P-001092,D-0014
P-001094,4,P-001093,D-0014
P-001095,5,P-001094,D-0014
P-001096,6,P-001095,D-0014
P-001097,1,,D-0014
P-001098,2,P-001097,D-0014
P-001099,3,P-001098,D-0014
P-001100,4,P-001099,D-0014
P-001101,1,,D-0014
P-001102,2,P-001101,D-0014
P-001103,3,P-001102,D-0014
P-001104,4,P-001103,D-0014
P-001105,5,P-001104,D-0014
P-001106,1,,D-0014
P-001107,2,P-001106,D-0014
P-001108,3,P-001107,D-0014
P-001109,4,P-001108,D-0014
P-001110,1,,D-0015
P-001111,2,P-001110,D-0015
P-001112,3,P-001111,D-0015
P-001113,4,P-001112,D-0015
P-001114,5,P-001113,D-0015
P-001115,6,P-001114,D-0015
P-001116,7,P-001115,D-0015
P-001117,8,P-001116,D-0015
P-001118,9,P-001117,D-0015
P-001119,10,P-001118,D-0015
P-001120,11,P-001119,D-0015
P-001121,12,P-001120,D-0015
P-001122,13,P-001121,D-0015
P-001123,14,P-001122,D-0015
P-001124,15,P-001123,D-0015
P-001125,16,P-001124,D-0015
P-001126,17,P-001125,D-0015
P-001127,18,P-001126,D-0015
P-001128,19,P-001127,D-0015
P-001129,20,P-001128,D-0015
P-001130,21,P-001129,D-0015
P-001131,22,P-001130,D-0015
P-001132,23,P-001131,D-0015
P-001133,24,P-001132,D-0015
P-001134,25,P-001133,D-0015
P-001135,26,P-001134,D-0015
P-001136,27,P-001135,D-0015
P-001137,28,P-001136,D-0015
P-001138,29,P-001137,D-0015
P-001139,30,P-001138,D-0015
P-001140,31,P-001139,D-0015
P-001141,32,P-001140,D-0015
P-001142,33,P-001141,D-0015
P-001143,34,P-001142,D-0015
P-001144,35,P-001143,D-0015
P-001145,36,P-001144,D-0015
P-001146,37,P-001145,D-0015
P-001147,38,P-001146,D-0015
P-001148,39,P-001147,D-0015
P-001149,40,P-001148,D-0015
P-001150,41,P-001149,D-0015
P-001151,42,P-001150,D-0015
P-001152,43,P-001151,D-0015
P-001153,44,P-001152,D-0015
P-001154,45,P-001153,D-0015
P-001155,46,P-001154,D-0015
P-001156,47,P-001155,D-0015
P-001157,48,P-001156,D-0015
P-001158,49,P-001157,D-0015
P-001159,50,P-001158,D-0015
P-001160,51,P-001159,D-0015
P-001161,52,P-001160,D-0015
P-001162,1,,D-0016
P-001163,2,P-001162,D-0016
P-001164,3,P-001163,D-0016
P-001165,4,P-001164,D-0016
P-001166,5,P-001165,D-0016
P-001167,6,P-001166,D-0016
P-001168,7,P-001167,D-0016
P-001169,8,P-001168,D-0016
P-001170,9,P-001169,D-0016
P-001171,10,P-001170,D-0016
P-001172,11,P-001171,D-0016
P-001173,12,P-001172,D-0016
P-001174,13,P-001173,D-0016
P-001175,14,P-001174,D-0016
P-001176,15,P-001175,D-0016
P-001177,16,P-001176,D-0016
P-001178,17,P-001177,D-0016
P-001179,18,P-001178,D-0016
P-001180,19,P-001179,D-0016
P-001181,20,P-001180,D-0016
P-001182,1,,D-0016
P-001183,2,P-001182,D-0016
P-001184,3,P-001183,D-0016
P-001185,4,P-001184,D-0016
P-001186,5,P-001185,D-0016
P-001187,6,P-001186,D-0016
P-001188,7,P-001187,D-0016
P-001189,8,P-001188,D-0016
P-001190,9,P-001189,D-0016
P-001191,10,P-001190,D-0016
P-001192,11,P-001191,D-0016
P-001193,1,,D-0016
P-001194,2,P-001193,D-0016
P-001195,3,P-001194,D-0016
P-001196,4,P-001195,D-0016
P-001197,5,P-001196,D-0016
P-001198,6,P-001197,D-0016
P-001199,7,P-001198,D-0016
P-001200,8,P-001199,D-0016
P-001201,9,P-001200,D-0016
P-001202,10,P-001201,D-0016
P-001203,11,P-001202,D-0016
P-001204,12,P-001203,D-0016
P-001205,13,P-001204,D-0016
P-001206,14,P-001205,D-0016
P-001207,15,P-001206,D-0016
P-001208,16,P-001207,D-0016
P-001209,17,P-001208,D-0016
P-001210,1,P-001164,D-0016
P-001211,2,P-001210,D-0016
P-001212,3,P-001211,D-0016
P-001213,4,P-001212,D-0016
P-001214,5,P-001213,D-0016
P-001215,6,P-001214,D-0016
P-001216,7,P-001215,D-0016
P-001217,8,P-001216,D-0016
P-001218,9,P-001217,D-0016
P-001219,10,P-001218,D-0016
P-001220,11,P-001219,D-0016
P-001221,12,P-001220,D-0016
P-001222,13,P-001221,D-0016
P-001223,14,P-001222,D-0016
P-001224,15,P-001223,D-0016
P-001225,16,P-001224,D-0016
P-001226,17,P-001225,D-0016
P-001227,18,P-001226,D-0016
P-001228,19,P-001227,D-0016
P-001229,1,,D-0016
P-001230,2,P-001229,D-0016
P-001231,3,P-001230,D-0016
P-001232,4,P-001231,D-0016
P-001233,5,P-001232,D-0016
P-001234,6,P-001233,D-0016
P-001235,7,P-001234,D-0016
P-001236,8,P-001235,D-0016
P-001237,9,P-001236,D-0016
P-001238,10,P-001237,D-0016
P-001239,11,P-001238,D-0016
P-001240,12,P-001239,D-0016
P-001241,1,,D-0017
P-001242,2,P-001241,D-0017
P-001243,3,P-001242,D-0017
P-001244,4,P-001243,D-0017
P-001245,5,P-001244,D-0017
P-001246,6,P-001245,D-0017
P-001247,7,P-001246,D-0017
P-001248,8,P-001247,D-0017
P-001249,9,P-001248,D-0017
P-001250,10,P-001249,D-0017
P-001251,11,P-001250,D-0017
P-001252,12,P-001251,D-0017
P-001253,13,P-001252,D-0017
P-001254,14,P-001253,D-0017
P-001255,15,P-001254,D-0017
P-001256,16,P-001255,D-0017
P-001257,17,P-001256,D-0017
P-001258,18,P-001257,D-0017
P-001259,19,P-001258,D-0017
P-001260,20,P-001259,D-0017
P-001261,21,P-001260,D-0017
P-001262,22,P-001261,D-0017
P-001263,23,P-001262,D-0017
P-001264,24,P-001263,D-0017
P-001265,25,P-001264,D-0017
P-001266,26,P-001265,D-0017
P-001267,27,P-001266,D-0017
P-001268,28,P-001267,D-0017
P-001269,29,P-001268,D-0017
P-001270,30,P-001269,D-0017
P-001271,31,P-001270,D-0017
P-001272,32,P-001271,D-0017
P-001273,33,P-001272,D-0017
P-001274,34,P-001273,D-0017
P-001275,35,P-001274,D-0017
P-001276,36,P-001275,D-0017
P-001277,37,P-001276,D-0017
P-001278,38,P-001277,D-0017
P-001279,39,P-001278,D-0017
P-001280,40,P-001279,D-0017
P-001281,41,P-001280,D-0017
P-001282,42,P-001281,D-0017
P-001283,43,P-001282,D-0017
P-001284,44,P-001283,D-0017
P-001285,45,P-001284,D-0017
P-001286,46,P-001285,D-0017
P-001287,47,P-001286,D-0017
P-001288,48,P-001287,D-0017
P-001289,49,P-001288,D-0017
P-001290,50,P-001289,D-0017
P-001291,51,P-001290,D-0017
P-001292,1,,D-0018
P-001293,2,P-001292,D-0018
P-001294,3,P-001293,D-0018
P-001295,4,P-001294,D-0018
P-001296,5,P-001295,D-0018
P-001297,6,P-001296,D-0018
P-001298,7,P-001297,D-0018
P-001299,8,P-001298,D-0018
P-001300,9,P-001299,D-0018
P-001301,1,,D-0018
P-001302,2,P-001301,D-0018
P-001303,3,P-001302,D-0018
P-001304,4,P-001303,D-0018
P-001305,5,P-001304,D-0018
P-001306,6,P-001305,D-0018
P-001307,7,P-001306,D-0018
P-001308,8,P-001307,D-0018
P-001309,9,P-001308,D-0018
P-001310,10,P-001309,D-0018
P-001311,1,,D-0018
P-001312,2,P-001311,D-0018
P-001313,3,P-001312,D-0018
P-001314,4,P-001313,D-0018
P-001315,5,P-001314,D-0018
P-001316,6,P-001315,D-0018
P-001317,7,P-001316,D-0018
P-001318,8,P-001317,D-0018
P-001319,9,P-001318,D-0018
P-001320,1,,D-0018
P-001321,2,P-001320,D-0018
P-001322,3,P-001321,D-0018
P-001323,4,P-001322,D-0018
P-001324,5,P-001323,D-0018
P-001325,6,P-001324,D-0018
P-001326,7,P-001325,D-0018
P-001327,8,P-001326,D-0018
P-001328,9,P-001327,D-0018
P-001329,10,P-001328,D-0018
P-001330,1,,D-0018
P-001331,2,P-001330,D-0018
P-001332,3,P-001331,D-0018
P-001333,4,P-001332,D-0018
P-001334,5,P-001333,D-0018
P-001335,6,P-001334,D-0018
P-001336,7,P-001335,D-0018
P-001337,8,P-001336,D-0018
P-001338,1,,D-0019
P-001339,2,P-001338,D-0019
P-001340,3,P-001339,D-0019
P-001341,4,P-001340,D-0019
P-001342,5,P-001341,D-0019
P-001343,6,P-001342,D-0019
P-001344,7,P-001343,D-0019
P-001345,8,P-001344,D-0019
P-001346,9,P-001345,D-0019
P-001347,10,P-001346,D-0019
P-001348,11,P-001347,D-0019
P-001349,12,P-001348,D-0019
P-001350,13,P-001349,D-0019
P-001351,14,P-001350,D-0019
P-001352,1,,D-0019
P-001353,2,P-001352,D-0019
P-001354,3,P-001353,D-0019
P-001355,4,P-001354,D-0019
P-001356,5,P-001355,D-0019
P-001357,6,P-001356,D-0019
P-001358,7,P-001357,D-0019
P-001359,8,P-001358,D-0019
P-001360,9,P-001359,D-0019
P-001361,10,P-001360,D-0019
P-001362,11,P-001361,D-0019
P-001363,12,P-001362,D-0019
P-001364,1,P-001339,D-0019
P-001365,2,P-001364,D-0019
P-001366,3,P-001365,D-0019
P-001367,4,P-001366,D-0019
P-001368,5,P-001367,D-0019
P-001369,6,P-001368,D-0019
P-001370,7,P-001369,D-0019
P-001371,8,P-001370,D-0019
P-001372,9,P-001371,D-0019
P-001373,1,,D-0019
P-001374,2,P-001373,D-0019
P-001375,3,P-001374,D-0019
P-001376,4,P-001375,D-0019
P-001377,5,P-001376,D-0019
P-001378,6,P-001377,D-0019
P-001379,7,P-001378,D-0019
P-001380,8,P-001379,D-0019
P-001381,9,P-001380,D-0019
P-001382,10,P-001381,D-0019
P-001383,11,P-001382,D-0019
P-001384,12,P-001383,D-0019
P-001385,13,P-001384,D-0019
P-001386,14,P-001385,D-0019
P-001387,15,P-001386,D-0019
P-001388,16,P-001387,D-0019
P-001389,17,P-001388,D-0019
P-001390,18,P-001389,D-0019
P-001391,19,P-001390,D-0019
P-001392,20,P-001391,D-0019
P-001393,21,P-001392,D-0019
P-001394,1,P-001380,D-0019
P-001395,2,P-001394,D-0019
P-001396,3,P-001395,D-0019
P-001397,4,P-001396,D-0019
P-001398,5,P-001397,D-0019
P-001399,6,P-001398,D-0019
P-001400,7,P-001399,D-0019
P-001401,1,,D-0020
P-001402,2,P-001401,D-0020
P-001403,3,P-001402,D-0020
P-001404,4,P-001403,D-0020
P-001405,5,P-001404,D-0020
P-001406,6,P-001405,D-0020
P-001407,7,P-001406,D-0020
P-001408,8,P-001407,D-0020
P-001409,9,P-001408,D-0020
P-001410,10,P-001409,D-0020
P-001411,11,P-001410,D-0020
P-001412,12,P-001411,D-0020
P-001413,13,P-001412,D-0020
P-001414,14,P-001413,D-0020
P-001415,15,P-001414,D-0020
P-001416,16,P-001415,D-0020
P-001417,17,P-001416,D-0020
P-001418,18,P-001417,D-0020
P-001419,19,P-001418,D-0020
P-001420,20,P-001419,D-0020
P-001421,21,P-001420,D-0020
P-001422,22,P-001421,D-0020
P-001423,23,P-001422,D-0020
P-001424,24,P-001423,D-0020
P-001425,25,P-001424,D-0020
P-001426,26,P-001425,D-0020
P-001427,27,P-001426,D-0020
P-001428,28,P-001427,D-0020
P-001429,29,P-001428,D-0020
P-001430,30,P-001429,D-0020
P-001431,31,P-001430,D-0020
P-001432,32,P-001431,D-0020
P-001433,33,P-001432,D-0020
P-001434,34,P-001433,D-0020
P-001435,35,P-001434,D-0020
P-001436,36,P-001435,D-0020
P-001437,37,P-001436,D-0020
P-001438,38,P-001437,D-0020
P-001439,39,P-001438,D-0020
P-001440,40,P-001439,D-0020
P-001441,41,P-001440,D-0020
P-001442,42,P-001441,D-0020
P-001443,43,P-001442,D-0020
P-001444,44,P-001443,D-0020
P-001445,45,P-001444,D-0020
P-001446,46,P-001445,D-0020
P-001447,47,P-001446,D-0020
P-001448,48,P-001447,D-0020
P-001449,49,P-001448,D-0020
P-001450,50,P-001449,D-0020
P-001451,51,P-001450,D-0020
P-001452,52,P-001451,D-0020
P-001453,53,P-001452,D-0020
P-001454,54,P-001453,D-0020
P-001455,55,P-001454,D-0020
P-001456,1,,D-0021
P-001457,2,P-001456,D-0021
P-001458,3,P-001457,D-0021
P-001459,4,P-001458,D-0021
P-001460,5,P-001459,D-0021
P-001461,6,P-001460,D-0021
P-001462,7,P-001461,D-0021
P-001463,8,P-001462,D-0021
P-001464,9,P-001463,D-0021
P-001465,10,P-001464,D-0021
P-001466,11,P-001465,D-0021
P-001467,12,P-001466,D-0021
P-001468,13,P-001467,D-0021
P-001469,14,P-001468,D-0021
P-001470,15,P-001469,D-0021
P-001471,16,P-001470,D-0021
P-001472,17,P-001471,D-0021
P-001473,18,P-001472,D-0021
P-001474,19,P-001473,D-0021
P-001475,20,P-001474,D-0021
P-001476,21,P-001475,D-0021
P-001477,22,P-001476,D-0021
P-001478,23,P-001477,D-0021
P-001479,24,P-001478,D-0021
P-001480,25,P-001479,D-0021
P-001481,26,P-001480,D-0021
P-001482,27,P-001481,D-0021
P-001483,28,P-001482,D-0021
P-001484,29,P-001483,D-0021
P-001485,30,P-001484,D-0021
P-001486,31,P-001485,D-0021
P-001487,32,P-001486,D-0021
P-001488,33,P-001487,D-0021
P-001489,34,P-001488,D-0021
P-001490,35,P-001489,D-0021
P-001491,1,P-001458,D-0021
P-001492,2,P-001491,D-0021
P-001493,3,P-001492,D-0021
P-001494,4,P-001493,D-0021
P-001495,5,P-001494,D-0021
P-001496,6,P-001495,D-0021
P-001497,7,P-001496,D-0021
P-001498,8,P-001497,D-0021
P-001499,9,P-001498,D-0021
P-001500,10,P-001499,D-0021
P-001501,11,P-001500,D-0021
P-001502,12,P-001501,D-0021
P-001503,13,P-001502,D-0021
P-001504,14,P-001503,D-0021
P-001505,15,P-001504,D-0021
P-001506,16,P-001505,D-0021
P-001507,17,P-001506,D-0021
P-001508,18,P-001507,D-0021
P-001509,19,P-001508,D-0021
P-001510,20,P-001509,D-0021
P-001511,21,P-001510,D-0021
P-001512,22,P-001511,D-0021
P-001513,23,P-001512,D-0021
P-001514,24,P-001513,D-0021
P-001515,25,P-001514,D-0021
P-001516,26,P-001515,D-0021
P-001517,27,P-001516,D-0021
P-001518,28,P-001517,D-0021
P-001519,29,P-001518,D-0021
P-001520,30,P-001519,D-0021
P-001521,31,P-001520,D-0021
P-001522,32,P-001521,D-0021
P-001523,33,P-001522,D-0021
P-001524,34,P-001523,D-0021
P-001525,35,P-001524,D-0021
P-001526,36,P-001525,D-0021
P-001527,37,P-001526,D-0021
P-001528,38,P-001527,D-0021
P-001529,39,P-001528,D-0021
P-001530,40,P-001529,D-0021
P-001531,41,P-001530,D-0021
P-001532,42,P-001531,D-0021
P-001533,43,P-001532,D-0021
P-001534,44,P-001533,D-0021
P-001535,45,P-001534,D-0021
P-001536,46,P-001535,D-0021
P-001537,47,P-001536,D-0021
P-001538,48,P-001537,D-0021
P-001539,49,P-001538,D-0021
P-001540,50,P-001539,D-0021
P-001541,51,P-001540,D-0021
P-001542,52,P-001541,D-0021
P-001543,53,P-001542,D-0021
P-001544,1,,D-0022
P-001545,2,P-001544,D-0022
P-001546,3,P-001545,D-0022
P-001547,4,P-001546,D-0022
P-001548,5,P-001547,D-0022
P-001549,6,P-001548,D-0022
P-001550,7,P-001549,D-0022
P-001551,8,P-001550,D-0022
P-001552,9,P-001551,D-0022
P-001553,10,P-001552,D-0022
P-001554,11,P-001553,D-0022
P-001555,1,,D-0022
P-001556,2,P-001555,D-0022
P-001557,3,P-001556,D-0022
P-001558,4,P-001557,D-0022
P-001559,5,P-001558,D-0022
P-001560,6,P-001559,D-0022
P-001561,7,P-001560,D-0022
P-001562,8,P-001561,D-0022
P-001563,9,P-001562,D-0022
P-001564,10,P-001563,D-0022
P-001565,11,P-001564,D-0022
P-001566,12,P-001565,D-0022
P-001567,1,,D-0022
P-001568,2,P-001567,D-0022
P-001569,3,P-001568,D-0022
P-001570,4,P-001569,D-0022
P-001571,5,P-001570,D-0022
P-001572,6,P-001571,D-0022
P-001573,7,P-001572,D-0022
P-001574,8,P-001573,D-0022
P-001575,9,P-001574,D-0022
P-001576,1,,D-0023
P-001577,2,P-001576,D-0023
P-001578,3,P-001577,D-0023
P-001579,4,P-001578,D-0023
P-001580,5,P-001579,D-0023
P-001581,6,P-001580,D-0023
P-001582,7,P-001581,D-0023
P-001583,8,P-001582,D-0023
P-001584,9,P-001583,D-0023
P-001585,10,P-001584,D-0023
P-001586,11,P-001585,D-0023
P-001587,12,P-001586,D-0023
P-001588,13,P-001587,D-0023
P-001589,14,P-001588,D-0023
P-001590,15,P-001589,D-0023
P-001591,16,P-001590,D-0023
P-001592,17,P-001591,D-0023
P-001593,18,P-001592,D-0023
P-001594,19,P-001593,D-0023
P-001595,1,,D-0023
P-001596,2,P-001595,D-0023
P-001597,3,P-001596,D-0023
P-001598,4,P-001597,D-0023
P-001599,5,P-001598,D-0023
P-001600,6,P-001599,D-0023
P-001601,7,P-001600,D-0023
P-001602,8,P-001601,D-0023
P-001603,9,P-001602,D-0023
P-001604,10,P-001603,D-0023
P-001605,11,P-001604,D-0023
P-001606,12,P-001605,D-0023
P-001607,13,P-001606,D-0023
P-001608,14,P-001607,D-0023
P-001609,15,P-001608,D-0023
P-001610,16,P-001609,D-0023
P-001611,17,P-001610,D-0023
P-001612,18,P-001611,D-0023
P-001613,19,P-001612,D-0023
P-001614,20,P-001613,D-0023
P-001615,21,P-001614,D-0023
P-001616,22,P-001615,D-0023
P-001617,1,P-001584,D-0023
P-001618,2,P-001617,D-0023
P-001619,3,P-001618,D-0023
P-001620,4,P-001619,D-0023
P-001621,5,P-001620,D-0023
P-001622,6,P-001621,D-0023
P-001623,7,P-001622,D-0023
P-001624,8,P-001623,D-0023
P-001625,9,P-001624,D-0023
P-001626,10,P-001625,D-0023
P-001627,11,P-001626,D-0023
P-001628,12,P-001627,D-0023
P-001629,13,P-001628,D-0023
P-001630,14,P-001629,D-0023
P-001631,15,P-001630,D-0023
P-001632,16,P-001631,D-0023
P-001633,17,P-001632,D-0023
P-001634,1,P-001606,D-0023
P-001635,2,P-001634,D-0023
P-001636,3,P-001635,D-0023
P-001637,4,P-001636,D-0023
P-001638,5,P-001637,D-0023
P-001639,6,P-001638,D-0023
P-001640,7,P-001639,D-0023
P-001641,8,P-001640,D-0023
P-001642,9,P-001641,D-0023
P-001643,10,P-001642,D-0023
P-001644,11,P-001643,D-0023
P-001645,12,P-001644,D-0023
P-001646,13,P-001645,D-0023
P-001647,14,P-001646,D-0023
P-001648,15,P-001647,D-0023
P-001649,1,P-001585,D-0023
P-001650,2,P-001649,D-0023
P-001651,3,P-001650,D-0023
P-001652,4,P-001651,D-0023
P-001653,5,P-001652,D-0023
P-001654,6,P-001653,D-0023
P-001655,7,P-001654,D-0023
P-001656,8,P-001655,D-0023
P-001657,9,P-001656,D-0023
P-001658,10,P-001657,D-0023
P-001659,11,P-001658,D-0023
P-001660,12,P-001659,D-0023
P-001661,13,P-001660,D-0023
P-001662,14,P-001661,D-0023
P-001663,15,P-001662,D-0023
P-001664,1,,D-0024
P-001665,2,P-001664,D-0024
P-001666,3,P-001665,D-0024
P-001667,4,P-001666,D-0024
P-001668,5,P-001667,D-0024
P-001669,6,P-001668,D-0024
P-001670,7,P-001669,D-0024
P-001671,8,P-001670,D-0024
P-001672,9,P-001671,D-0024
P-001673,10,P-001672,D-0024
P-001674,11,P-001673,D-0024
P-001675,1,,D-0024
P-001676,2,P-001675,D-0024
P-001677,3,P-001676,D-0024
P-001678,4,P-001677,D-0024
P-001679,5,P-001678,D-0024
P-001680,1,,D-0024
P-001681,2,P-001680,D-0024
P-001682,3,P-001681,D-0024
P-001683,4,P-001682,D-0024
P-001684,5,P-001683,D-0024
P-001685,1,P-001670,D-0024
P-001686,2,P-001685,D-0024
P-001687,3,P-001686,D-0024
P-001688,4,P-001687,D-0024
P-001689,5,P-001688,D-0024
P-001690,6,P-001689,D-0024
P-001691,7,P-001690,D-0024
P-001692,8,P-001691,D-0024
P-001693,9,P-001692,D-0024
P-001694,10,P-001693,D-0024
P-001695,1,,D-0025
P-001696,2,P-001695,D-0025
P-001697,3,P-001696,D-0025
P-001698,4,P-001697,D-0025
P-001699,5,P-001698,D-0025
P-001700,6,P-001699,D-0025
P-001701,7,P-001700,D-0025
P-001702,8,P-001701,D-0025
P-001703,9,P-001702,D-0025
P-001704,10,P-001703,D-0025
P-001705,11,P-001704,D-0025
P-001706,12,P-001705,D-0025
P-001707,13,P-001706,D-0025
P-001708,14,P-001707,D-0025
P-001709,15,P-001708,D-0025
P-001710,16,P-001709,D-0025
P-001711,17,P-001710,D-0025
P-001712,18,P-001711,D-0025
P-001713,19,P-001712,D-0025
P-001714,20,P-001713,D-0025
P-001715,21,P-001714,D-0025
P-001716,22,P-001715,D-0025
P-001717,23,P-001716,D-0025
P-001718,24,P-001717,D-0025
P-001719,25,P-001718,D-0025
P-001720,26,P-001719,D-0025
P-001721,27,P-001720,D-0025
P-001722,28,P-001721,D-0025
P-001723,29,P-001722,D-0025
P-001724,30,P-001723,D-0025
P-001725,31,P-001724,D-0025
P-001726,32,P-001725,D-0025
P-001727,33,P-001726,D-0025
P-001728,34,P-001727,D-0025
P-001729,35,P-001728,D-0025
P-001730,36,P-001729,D-0025
P-001731,37,P-001730,D-0025
P-001732,1,P-001707,D-0025
P-001733,2,P-001732,D-0025
P-001734,3,P-001733,D-0025
P-001735,4,P-001734,D-0025
P-001736,5,P-001735,D-0025
P-001737,6,P-001736,D-0025
P-001738,7,P-001737,D-0025
P-001739,8,P-001738,D-0025
P-001740,9,P-001739,D-0025
P-001741,10,P-001740,D-0025
P-001742,11,P-001741,D-0025
P-001743,12,P-001742,D-0025
P-001744,13,P-001743,D-0025
P-001745,14,P-001744,D-0025
P-001746,15,P-001745,D-0025
P-001747,16,P-001746,D-0025
P-001748,17,P-001747,D-0025
P-001749,18,P-001748,D-0025
P-001750,19,P-001749,D-0025
P-001751,20,P-001750,D-0025
P-001752,1,,D-0026
P-001753,2,P-001752,D-0026
P-001754,3,P-001753,D-0026
P-001755,4,P-001754,D-0026
P-001756,5,P-001755,D-0026
P-001757,6,P-001756,D-0026
P-001758,7,P-001757,D-0026
P-001759,8,P-001758,D-0026
P-001760,9,P-001759,D-0026
P-001761,10,P-001760,D-0026
P-001762,11,P-001761,D-0026
P-001763,12,P-001762,D-0026
P-001764,1,,D-0026
P-001765,2,P-001764,D-0026
P-001766,3,P-001765,D-0026
P-001767,4,P-001766,D-0026
P-001768,5,P-001767,D-0026
P-001769,6,P-001768,D-0026
P-001770,7,P-001769,D-0026
P-001771,8,P-001770,D-0026
P-001772,9,P-001771,D-0026
P-001773,10,P-001772,D-0026
P-001774,11,P-001773,D-0026
P-001775,12,P-001774,D-0026
P-001776,13,P-001775,D-0026
P-001777,1,,D-0026
P-001778,2,P-001777,D-0026
P-001779,3,P-001778,D-0026
P-001780,4,P-001779,D-0026
P-001781,5,P-001780,D-0026
P-001782,6,P-001781,D-0026
P-001783,7,P-001782,D-0026
P-001784,8,P-001783,D-0026
P-001785,9,P-001784,D-0026
P-001786,10,P-001785,D-0026
P-001787,11,P-001786,D-0026
P-001788,12,P-001787,D-0026
P-001789,13,P-001788,D-0026
P-001790,14,P-001789,D-0026
P-001791,1,,D-0026
P-001792,2,P-001791,D-0026
P-001793,3,P-001792,D-0026
P-001794,4,P-001793,D-0026
P-001795,5,P-001794,D-0026
P-001796,6,P-001795,D-0026
P-001797,7,P-001796,D-0026
P-001798,8,P-001797,D-0026
P-001799,9,P-001798,D-0026
P-001800,10,P-001799,D-0026
P-001801,11,P-001800,D-0026
P-001802,12,P-001801,D-0026
P-001803,1,,D-0027
P-001804,2,P-001803,D-0027
P-001805,3,P-001804,D-0027
P-001806,4,P-001805,D-0027
P-001807,5,P-001806,D-0027
P-001808,6,P-001807,D-0027
P-001809,7,P-001808,D-0027
P-001810,8,P-001809,D-0027
P-001811,9,P-001810,D-0027
P-001812,10,P-001811,D-0027
P-001813,11,P-001812,D-0027
P-001814,12,P-001813,D-0027
P-001815,13,P-001814,D-0027
P-001816,14,P-001815,D-0027
P-001817,15,P-001816,D-0027
P-001818,16,P-001817,D-0027
P-001819,17,P-001818,D-0027
P-001820,18,P-001819,D-0027
P-001821,19,P-001820,D-0027
P-001822,20,P-001821,D-0027
P-001823,21,P-001822,D-0027
P-001824,22,P-001823,D-0027
P-001825,23,P-001824,D-0027
P-001826,24,P-001825,D-0027
P-001827,25,P-001826,D-0027
P-001828,26,P-001827,D-0027
P-001829,27,P-001828,D-0027
P-001830,28,P-001829,D-0027
P-001831,29,P-001830,D-0027
P-001832,30,P-001831,D-0027
P-001833,1,,D-0027
P-001834,2,P-001833,D-0027
P-001835,3,P-001834,D-0027
P-001836,4,P-001835,D-0027
P-001837,5,P-001836,D-0027
P-001838,6,P-001837,D-0027
P-001839,7,P-001838,D-0027
P-001840,8,P-001839,D-0027
P-001841,9,P-001840,D-0027
P-001842,10,P-001841,D-0027
P-001843,11,P-001842,D-0027
P-001844,12,P-001843,D-0027
P-001845,13,P-001844,D-0027
P-001846,14,P-001845,D-0027
P-001847,15,P-001846,D-0027
P-001848,16,P-001847,D-0027
P-001849,17,P-001848,D-0027
P-001850,18,P-001849,D-0027
P-001851,19,P-001850,D-0027
P-001852,20,P-001851,D-0027
P-001853,1,P-001808,D-0027
P-001854,2,P-001853,D-0027
P-001855,3,P-001854,D-0027
P-001856,4,P-001855,D-0027
P-001857,5,P-001856,D-0027
P-001858,6,P-001857,D-0027
P-001859,7,P-001858,D-0027
P-001860,8,P-001859,D-0027
P-001861,9,P-001860,D-0027
P-001862,10,P-001861,D-0027
P-001863,11,P-001862,D-0027
P-001864,12,P-001863,D-0027
P-001865,13,P-001864,D-0027
P-001866,14,P-001865,D-0027
P-001867,15,P-001866,D-0027
P-001868,16,P-001867,D-0027
P-001869,17,P-001868,D-0027
P-001870,18,P-001869,D-0027
P-001871,1,P-001803,D-0027
P-001872,2,P-001871,D-0027
P-001873,3,P-001872,D-0027
P-001874,4,P-001873,D-0027
P-001875,5,P-001874,D-0027
P-001876,6,P-001875,D-0027
P-001877,7,P-001876,D-0027
P-001878,8,P-001877,D-0027
P-001879,9,P-001878,D-0027
P-001880,10,P-001879,D-0027
P-001881,11,P-001880,D-0027
P-001882,12,P-001881,D-0027
P-001883,13,P-001882,D-0027
P-001884,14,P-001883,D-0027
P-001885,15,P-001884,D-0027
P-001886,16,P-001885,D-0027
P-001887,17,P-001886,D-0027
P-001888,18,P-001887,D-0027
P-001889,19,P-001888,D-0027
P-001890,20,P-001889,D-0027
P-001891,21,P-001890,D-0027
P-001892,22,P-001891,D-0027
P-001893,23,P-001892,D-0027
P-001894,24,P-001893,D-0027
P-001895,25,P-001894,D-0027
P-001896,1,,D-0028
P-001897,2,P-001896,D-0028
P-001898,3,P-001897,D-0028
P-001899,4,P-001898,D-0028
P-001900,1,,D-0028
P-001901,2,P-001900,D-0028
P-001902,3,P-001901,D-0028
P-001903,4,P-001902,D-0028
P-001904,5,P-001903,D-0028
P-001905,6,P-001904,D-0028
P-001906,7,P-001905,D-0028
P-001907,8,P-001906,D-0028
P-001908,9,P-001907,D-0028
P-001909,1,,D-0028
P-001910,2,P-001909,D-0028
P-001911,3,P-001910,D-0028
P-001912,4,P-001911,D-0028
P-001913,5,P-001912,D-0028
P-001914,6,P-001913,D-0028
P-001915,7,P-001914,D-0028
P-001916,8,P-001915,D-0028
P-001917,9,P-001916,D-0028
P-001918,10,P-001917,D-0028
P-001919,1,,D-0028
P-001920,2,P-001919,D-0028
P-001921,3,P-001920,D-0028
P-001922,4,P-001921,D-0028
P-001923,5,P-001922,D-0028
P-001924,1,,D-0028
P-001925,2,P-001924,D-0028
P-001926,3,P-001925,D-0028
P-001927,4,P-001926,D-0028
P-001928,5,P-001927,D-0028
P-001929,1,,D-0029
P-001930,2,P-001929,D-0029
P-001931,3,P-001930,D-0029
P-001932,4,P-001931,D-0029
P-001933,5,P-001932,D-0029
P-001934,6,P-001933,D-0029
P-001935,7,P-001934,D-0029
P-001936,8,P-001935,D-0029
P-001937,9,P-001936,D-0029
P-001938,10,P-001937,D-0029
P-001939,11,P-001938,D-0029
P-001940,12,P-001939,D-0029
P-001941,13,P-001940,D-0029
P-001942,14,P-001941,D-0029
P-001943,15,P-001942,D-0029
P-001944,16,P-001943,D-0029
P-001945,17,P-001944,D-0029
P-001946,18,P-001945,D-0029
P-001947,19,P-001946,D-0029
P-001948,20,P-001947,D-0029
P-001949,21,P-001948,D-0029
P-001950,22,P-001949,D-0029
P-001951,23,P-001950,D-0029
P-001952,24,P-001951,D-0029
P-001953,25,P-001952,D-0029
P-001954,26,P-001953,D-0029
P-001955,27,P-001954,D-0029
P-001956,28,P-001955,D-0029
P-001957,29,P-001956,D-0029
P-001958,30,P-001957,D-0029
P-001959,31,P-001958,D-0029
P-001960,32,P-001959,D-0029
P-001961,33,P-001960,D-0029
P-001962,34,P-001961,D-0029
P-001963,35,P-001962,D-0029
P-001964,36,P-001963,D-0029
P-001965,37,P-001964,D-0029
P-001966,38,P-001965,D-0029
P-001967,39,P-001966,D-0029
P-001968,40,P-001967,D-0029
P-001969,41,P-001968,D-0029
P-001970,42,P-001969,D-0029
P-001971,43,P-001970,D-0029
P-001972,44,P-001971,D-0029
P-001973,1,,D-0029
P-001974,2,P-001973,D-0029
P-001975,3,P-001974,D-0029
P-001976,4,P-001975,D-0029
P-001977,5,P-001976,D-0029
P-001978,6,P-001977,D-0029
P-001979,7,P-001978,D-0029
P-001980,8,P-001979,D-0029
P-001981,9,P-001980,D-0029
P-001982,10,P-001981,D-0029
P-001983,11,P-001982,D-0029
P-001984,12,P-001983,D-0029
P-001985,13,P-001984,D-0029
P-001986,14,P-001985,D-0029
P-001987,15,P-001986,D-0029
P-001988,16,P-001987,D-0029
P-001989,17,P-001988,D-0029
P-001990,18,P-001989,D-0029
P-001991,19,P-001990,D-0029
P-001992,20,P-001991,D-0029
P-001993,21,P-001992,D-0029
P-001994,22,P-001993,D-0029
P-001995,23,P-001994,D-0029
P-001996,24,P-001995,D-0029
P-001997,25,P-001996,D-0029
P-001998,26,P-001997,D-0029
P-001999,27,P-001998,D-0029
P-002000,28,P-001999,D-0029
P-002001,29,P-002000,D-0029
P-002002,30,P-002001,D-0029
P-002003,31,P-002002,D-0029
P-002004,32,P-002003,D-0029
P-002005,33,P-002004,D-0029
P-002006,34,P-002005,D-0029
P-002007,35,P-002006,D-0029
P-002008,36,P-002007,D-0029
P-002009,37,P-002008,D-0029
P-002010,1,,D-0029
P-002011,2,P-002010,D-0029
P-002012,3,P-002011,D-0029
P-002013,4,P-002012,D-0029
P-002014,5,P-002013,D-0029
P-002015,6,P-002014,D-0029
P-002016,7,P-002015,D-0029
P-002017,8,P-002016,D-0029
P-002018,9,P-002017,D-0029
P-002019,10,P-002018,D-0029
P-002020,11,P-002019,D-0029
P-002021,12,P-002020,D-0029
P-002022,13,P-002021,D-0029
P-002023,14,P-002022,D-0029
P-002024,15,P-002023,D-0029
P-002025,16,P-002024,D-0029
P-002026,17,P-002025,D-0029
P-002027,18,P-002026,D-0029
P-002028,19,P-002027,D-0029
P-002029,20,P-002028,D-0029
P-002030,21,P-002029,D-0029
P-002031,22,P-002030,D-0029
P-002032,23,P-002031,D-0029
P-002033,24,P-002032,D-0029
P-002034,25,P-002033,D-0029
P-002035,26,P-002034,D-0029
P-002036,27,P-002035,D-0029
P-002037,28,P-002036,D-0029
P-002038,29,P-002037,D-0029
P-002039,30,P-002038,D-0029
P-002040,31,P-002039,D-0029
P-002041,32,P-002040,D-0029
P-002042,33,P-002041,D-0029
P-002043,34,P-002042,D-0029
P-002044,35,P-002043,D-0029
P-002045,36,P-002044,D-0029
P-002046,37,P-002045,D-0029
P-002047,38,P-002046,D-0029
P-002048,39,P-002047,D-0029
P-002049,40,P-002048,D-0029
P-002050,41,P-002049,D-0029
P-002051,42,P-002050,D-0029
P-002052,43,P-002051,D-0029
P-002053,44,P-002052,D-0029
P-002054,1,P-002016,D-0029
P-002055,2,P-002054,D-0029
P-002056,3,P-002055,D-0029
P-002057,4,P-002056,D-0029
P-002058,5,P-002057,D-0029
P-002059,6,P-002058,D-0029
P-002060,7,P-002059,D-0029
P-002061,8,P-002060,D-0029
P-002062,9,P-002061,D-0029
P-002063,10,P-002062,D-0029
P-002064,11,P-002063,D-0029
P-002065,12,P-002064,D-0029
P-002066,13,P-002065,D-0029
P-002067,14,P-002066,D-0029
P-002068,15,P-002067,D-0029
P-002069,16,P-002068,D-0029
P-002070,17,P-002069,D-0029
P-002071,18,P-002070,D-0029
P-002072,19,P-002071,D-0029
P-002073,20,P-002072,D-0029
P-002074,21,P-002073,D-0029
P-002075,22,P-002074,D-0029
P-002076,23,P-002075,D-0029
P-002077,24,P-002076,D-0029
P-002078,25,P-002077,D-0029
P-002079,26,P-002078,D-0029
P-002080,27,P-002079,D-0029
P-002081,28,P-002080,D-0029
P-002082,1,,D-0030
P-002083,2,P-002082,D-0030
P-002084,3,P-002083,D-0030
P-002085,4,P-002084,D-0030
P-002086,5,P-002085,D-0030
P-002087,6,P-002086,D-0030
P-002088,7,P-002087,D-0030
P-002089,8,P-002088,D-0030
P-002090,9,P-002089,D-0030
P-002091,10,P-002090,D-0030
P-002092,11,P-002091,D-0030
P-002093,12,P-002092,D-0030
P-002094,13,P-002093,D-0030
P-002095,14,P-002094,D-0030
P-002096,15,P-002095,D-0030
P-002097,16,P-002096,D-0030
P-002098,17,P-002097,D-0030
P-002099,18,P-002098,D-0030
P-002100,19,P-002099,D-0030
P-002101,20,P-002100,D-0030
P-002102,21,P-002101,D-0030
P-002103,1,P-002086,D-0030
P-002104,2,P-002103,D-0030
P-002105,3,P-002104,D-0030
P-002106,4,P-002105,D-0030
P-002107,5,P-002106,D-0030
P-002108,6,P-002107,D-0030
P-002109,7,P-002108,D-0030
P-002110,8,P-002109,D-0030
P-002111,9,P-002110,D-0030
P-002112,10,P-002111,D-0030
P-002113,11,P-002112,D-0030
P-002114,12,P-002113,D-0030
P-002115,13,P-002114,D-0030
P-002116,14,P-002115,D-0030
P-002117,15,P-002116,D-0030
P-002118,16,P-002117,D-0030
P-002119,17,P-002118,D-0030
P-002120,18,P-002119,D-0030
P-002121,1,P-002118,D-0030
P-002122,2,P-002121,D-0030
P-002123,3,P-002122,D-0030
P-002124,4,P-002123,D-0030
P-002125,5,P-002124,D-0030
P-002126,6,P-002125,D-0030
P-002127,7,P-002126,D-0030
P-002128,8,P-002127,D-0030
P-002129,9,P-002128,D-0030
P-002130,10,P-002129,D-0030
P-002131,11,P-002130,D-0030
P-002132,12,P-002131,D-0030
P-002133,13,P-002132,D-0030
P-002134,14,P-002133,D-0030
P-002135,1,P-002128,D-0030
P-002136,2,P-002135,D-0030
P-002137,3,P-002136,D-0030
P-002138,4,P-002137,D-0030
P-002139,5,P-002138,D-0030
P-002140,6,P-002139,D-0030
P-002141,7,P-002140,D-0030
P-002142,8,P-002141,D-0030
P-002143,9,P-002142,D-0030
P-002144,10,P-002143,D-0030
P-002145,11,P-002144,D-0030
P-002146,12,P-002145,D-0030
P-002147,13,P-002146,D-0030
P-002148,1,,D-0031
P-002149,2,P-002148,D-0031
P-002150,3,P-002149,D-0031
P-002151,4,P-002150,D-0031
P-002152,5,P-002151,D-0031
P-002153,6,P-002152,D-0031
P-002154,1,,D-0031
P-002155,2,P-002154,D-0031
P-002156,3,P-002155,D-0031
P-002157,4,P-002156,D-0031
P-002158,5,P-002157,D-0031
P-002159,1,,D-0031
P-002160,2,P-002159,D-0031
P-002161,3,P-002160,D-0031
P-002162,4,P-002161,D-0031
P-002163,5,P-002162,D-0031
P-002164,6,P-002163,D-0031
P-002165,1,P-002154,D-0031
P-002166,2,P-002165,D-0031
P-002167,3,P-002166,D-0031
P-002168,4,P-002167,D-0031
P-002169,1,,D-0032
P-002170,2,P-002169,D-0032
P-002171,3,P-002170,D-0032
P-002172,4,P-002171,D-0032
P-002173,5,P-002172,D-0032
P-002174,6,P-002173,D-0032
P-002175,7,P-002174,D-0032
P-002176,8,P-002175,D-0032
P-002177,9,P-002176,D-0032
P-002178,10,P-002177,D-0032
P-002179,11,P-002178,D-0032
P-002180,12,P-002179,D-0032
P-002181,13,P-002180,D-0032
P-002182,14,P-002181,D-0032
P-002183,15,P-002182,D-0032
P-002184,1,,D-0032
P-002185,2,P-002184,D-0032
P-002186,3,P-002185,D-0032
P-002187,4,P-002186,D-0032
P-002188,5,P-002187,D-0032
P-002189,6,P-002188,D-0032
P-002190,7,P-002189,D-0032
P-002191,8,P-002190,D-0032
P-002192,9,P-002191,D-0032
P-002193,10,P-002192,D-0032
P-002194,11,P-002193,D-0032
P-002195,12,P-002194,D-0032
P-002196,13,P-002195,D-0032
P-002197,14,P-002196,D-0032
P-002198,15,P-002197,D-0032
P-002199,16,P-002198,D-0032
P-002200,17,P-002199,D-0032
P-002201,18,P-002200,D-0032
P-002202,19,P-002201,D-0032
P-002203,20,P-002202,D-0032
P-002204,1,,D-0033
P-002205,2,P-002204,D-0033
P-002206,3,P-002205,D-0033
P-002207,4,P-002206,D-0033
P-002208,5,P-002207,D-0033
P-002209,6,P-002208,D-0033
P-002210,1,,D-0033
P-002211,2,P-002210,D-0033
P-002212,3,P-002211,D-0033
P-002213,4,P-002212,D-0033
P-002214,1,P-002205,D-0033
P-002215,2,P-002214,D-0033
P-002216,3,P-002215,D-0033
P-002217,4,P-002216,D-0033
P-002218,1,P-002207,D-0033
P-002219,2,P-002218,D-0033
P-002220,3,P-002219,D-0033
P-002221,4,P-002220,D-0033
P-002222,5,P-002221,D-0033
P-002223,6,P-002222,D-0033
P-002224,7,P-002223,D-0033
P-002225,8,P-002224,D-0033
P-002226,1,,D-0033
P-002227,2,P-002226,D-0033
P-002228,3,P-002227,D-0033
P-002229,4,P-002228,D-0033
P-002230,5,P-002229,D-0033
P-002231,6,P-002230,D-0033
P-002232,7,P-002231,D-0033
P-002233,1,,D-0034
P-002234,2,P-002233,D-0034
P-002235,3,P-002234,D-0034
P-002236,4,P-002235,D-0034
P-002237,5,P-002236,D-0034
P-002238,1,P-002233,D-0034
P-002239,2,P-002238,D-0034
P-002240,3,P-002239,D-0034
P-002241,4,P-002240,D-0034
P-002242,5,P-002241,D-0034
P-002243,6,P-002242,D-0034
P-002244,7,P-002243,D-0034
P-002245,1,P-002244,D-0034
P-002246,2,P-002245,D-0034
P-002247,3,P-002246,D-0034
P-002248,4,P-002247,D-0034
P-002249,5,P-002248,D-0034
P-002250,6,P-002249,D-0034
P-002251,7,P-002250,D-0034
P-002252,8,P-002251,D-0034
P-002253,9,P-002252,D-0034
P-002254,1,P-002238,D-0034
P-002255,2,P-002254,D-0034
P-002256,3,P-002255,D-0034
P-002257,4,P-002256,D-0034
P-002258,5,P-002257,D-0034
P-002259,6,P-002258,D-0034
P-002260,7,P-002259,D-0034
P-002261,1,P-002260,D-0034
P-002262,2,P-002261,D-0034
P-002263,3,P-002262,D-0034
P-002264,4,P-002263,D-0034
P-002265,5,P-002264,D-0034
P-002266,1,,D-0035
P-002267,2,P-002266,D-0035
P-002268,3,P-002267,D-0035
P-002269,4,P-002268,D-0035
P-002270,5,P-002269,D-0035
P-002271,6,P-002270,D-0035
P-002272,7,P-002271,D-0035
P-002273,8,P-002272,D-0035
P-002274,9,P-002273,D-0035
P-002275,10,P-002274,D-0035
P-002276,11,P-002275,D-0035
P-002277,12,P-002276,D-0035
P-002278,13,P-002277,D-0035
P-002279,14,P-002278,D-0035
P-002280,15,P-002279,D-0035
P-002281,16,P-002280,D-0035
P-002282,17,P-002281,D-0035
P-002283,18,P-002282,D-0035
P-002284,19,P-002283,D-0035
P-002285,20,P-002284,D-0035
P-002286,21,P-002285,D-0035
P-002287,22,P-002286,D-0035
P-002288,23,P-002287,D-0035
P-002289,24,P-002288,D-0035
P-002290,25,P-002289,D-0035
P-002291,26,P-002290,D-0035
P-002292,27,P-002291,D-0035
P-002293,28,P-002292,D-0035
P-002294,29,P-002293,D-0035
P-002295,30,P-002294,D-0035
P-002296,31,P-002295,D-0035
P-002297,32,P-002296,D-0035
P-002298,33,P-002297,D-0035
P-002299,34,P-002298,D-0035
P-002300,1,,D-0035
P-002301,2,P-002300,D-0035
P-002302,3,P-002301,D-0035
P-002303,4,P-002302,D-0035
P-002304,5,P-002303,D-0035
P-002305,6,P-002304,D-0035
P-002306,7,P-002305,D-0035
P-002307,8,P-002306,D-0035
P-002308,9,P-002307,D-0035
P-002309,10,P-002308,D-0035
P-002310,11,P-002309,D-0035
P-002311,12,P-002310,D-0035
P-002312,13,P-002311,D-0035
P-002313,14,P-002312,D-0035
P-002314,15,P-002313,D-0035
P-002315,16,P-002314,D-0035
P-002316,17,P-002315,D-0035
P-002317,18,P-002316,D-0035
P-002318,19,P-002317,D-0035
P-002319,20,P-002318,D-0035
P-002320,21,P-002319,D-0035
P-002321,22,P-002320,D-0035
P-002322,23,P-002321,D-0035
P-002323,24,P-002322,D-0035
P-002324,25,P-002323,D-0035
P-002325,26,P-002324,D-0035
P-002326,27,P-002325,D-0035
P-002327,28,P-002326,D-0035
P-002328,1,,D-0035
P-002329,2,P-002328,D-0035
P-002330,3,P-002329,D-0035
P-002331,4,P-002330,D-0035
P-002332,5,P-002331,D-0035
P-002333,6,P-002332,D-0035
P-002334,7,P-002333,D-0035
P-002335,8,P-002334,D-0035
P-002336,9,P-002335,D-0035
P-002337,10,P-002336,D-0035
P-002338,11,P-002337,D-0035
P-002339,12,P-002338,D-0035
P-002340,13,P-002339,D-0035
P-002341,14,P-002340,D-0035
P-002342,15,P-002341,D-0035
P-002343,16,P-002342,D-0035
P-002344,17,P-002343,D-0035
P-002345,18,P-002344,D-0035
P-002346,19,P-002345,D-0035
P-002347,20,P-002346,D-0035
P-002348,21,P-002347,D-0035
P-002349,22,P-002348,D-0035
P-002350,1,,D-0035
P-002351,2,P-002350,D-0035
P-002352,3,P-002351,D-0035
P-002353,4,P-002352,D-0035
P-002354,5,P-002353,D-0035
P-002355,6,P-002354,D-0035
P-002356,7,P-002355,D-0035
P-002357,8,P-002356,D-0035
P-002358,9,P-002357,D-0035
P-002359,10,P-002358,D-0035
P-002360,11,P-002359,D-0035
P-002361,12,P-002360,D-0035
P-002362,13,P-002361,D-0035
P-002363,14,P-002362,D-0035
P-002364,15,P-002363,D-0035
P-002365,16,P-002364,D-0035
P-002366,17,P-002365,D-0035
P-002367,18,P-002366,D-0035
P-002368,19,P-002367,D-0035
P-002369,20,P-002368,D-0035
P-002370,21,P-002369,D-0035
P-002371,22,P-002370,D-0035
P-002372,23,P-002371,D-0035
P-002373,24,P-002372,D-0035
P-002374,25,P-002373,D-0035
P-002375,26,P-002374,D-0035
P-002376,1,,D-0036
P-002377,2,P-002376,D-0036
P-002378,3,P-002377,D-0036
P-002379,4,P-002378,D-0036
P-002380,5,P-002379,D-0036
P-002381,1,P-002380,D-0036
P-002382,2,P-002381,D-0036
P-002383,3,P-002382,D-0036
P-002384,4,P-002383,D-0036
P-002385,5,P-002384,D-0036
P-002386,6,P-002385,D-0036
P-002387,7,P-002386,D-0036
P-002388,8,P-002387,D-0036
P-002389,9,P-002388,D-0036
P-002390,10,P-002389,D-0036
P-002391,11,P-002390,D-0036
P-002392,12,P-002391,D-0036
P-002393,13,P-002392,D-0036
P-002394,1,,D-0036
P-002395,2,P-002394,D-0036
P-002396,3,P-002395,D-0036
P-002397,4,P-002396,D-0036
P-002398,5,P-002397,D-0036
P-002399,6,P-002398,D-0036
P-002400,7,P-002399,D-0036
P-002401,8,P-002400,D-0036
P-002402,9,P-002401,D-0036
P-002403,10,P-002402,D-0036
P-002404,11,P-002403,D-0036
P-002405,12,P-002404,D-0036
P-002406,13,P-002405,D-0036
P-002407,14,P-002406,D-0036
P-002408,1,P-002386,D-0036
P-002409,2,P-002408,D-0036
P-002410,3,P-002409,D-0036
P-002411,4,P-002410,D-0036
P-002412,5,P-002411,D-0036
P-002413,6,P-002412,D-0036
P-002414,7,P-002413,D-0036
P-002415,8,P-002414,D-0036
P-002416,9,P-002415,D-0036
P-002417,10,P-002416,D-0036
P-002418,11,P-002417,D-0036
P-002419,12,P-002418,D-0036
P-002420,1,,D-0036
P-002421,2,P-002420,D-0036
P-002422,3,P-002421,D-0036
P-002423,4,P-002422,D-0036
P-002424,5,P-002423,D-0036
P-002425,6,P-002424,D-0036
P-002426,7,P-002425,D-0036
P-002427,8,P-002426,D-0036
P-002428,9,P-002427,D-0036
P-002429,10,P-002428,D-0036
P-002430,11,P-002429,D-0036
P-002431,1,,D-0037
P-002432,2,P-002431,D-0037
P-002433,3,P-002432,D-0037
P-002434,4,P-002433,D-0037
P-002435,5,P-002434,D-0037
P-002436,6,P-002435,D-0037
P-002437,7,P-002436,D-0037
P-002438,8,P-002437,D-0037
P-002439,9,P-002438,D-0037
P-002440,10,P-002439,D-0037
P-002441,11,P-002440,D-0037
P-002442,12,P-002441,D-0037
P-002443,13,P-002442,D-0037
P-002444,14,P-002443,D-0037
P-002445,15,P-002444,D-0037
P-002446,16,P-002445,D-0037
P-002447,17,P-002446,D-0037
P-002448,18,P-002447,D-0037
P-002449,19,P-002448,D-0037
P-002450,20,P-002449,D-0037
P-002451,21,P-002450,D-0037
P-002452,22,P-002451,D-0037
P-002453,23,P-002452,D-0037
P-002454,24,P-002453,D-0037
P-002455,25,P-002454,D-0037
P-002456,26,P-002455,D-0037
P-002457,27,P-002456,D-0037
P-002458,28,P-002457,D-0037
P-002459,29,P-002458,D-0037
P-002460,30,P-002459,D-0037
P-002461,31,P-002460,D-0037
P-002462,32,P-002461,D-0037
P-002463,33,P-002462,D-0037
P-002464,34,P-002463,D-0037
P-002465,35,P-002464,D-0037
P-002466,36,P-002465,D-0037
P-002467,1,P-002447,D-0037
P-002468,2,P-002467,D-0037
P-002469,3,P-002468,D-0037
P-002470,4,P-002469,D-0037
P-002471,5,P-002470,D-0037
P-002472,6,P-002471,D-0037
P-002473,7,P-002472,D-0037
P-002474,8,P-002473,D-0037
P-002475,9,P-002474,D-0037
P-002476,10,P-002475,D-0037
P-002477,11,P-002476,D-0037
P-002478,12,P-002477,D-0037
P-002479,13,P-002478,D-0037
P-002480,14,P-002479,D-0037
P-002481,15,P-002480,D-0037
P-002482,16,P-002481,D-0037
P-002483,17,P-002482,D-0037
P-002484,18,P-002483,D-0037
P-002485,19,P-002484,D-0037
P-002486,20,P-002485,D-0037
P-002487,21,P-002486,D-0037
P-002488,22,P-002487,D-0037
P-002489,23,P-002488,D-0037
P-002490,24,P-002489,D-0037
P-002491,25,P-002490,D-0037
P-002492,26,P-002491,D-0037
P-002493,27,P-002492,D-0037
P-002494,28,P-002493,D-0037
P-002495,29,P-002494,D-0037
P-002496,30,P-002495,D-0037
P-002497,31,P-002496,D-0037
P-002498,1,,D-0037
P-002499,2,P-002498,D-0037
P-002500,3,P-002499,D-0037
P-002501,4,P-002500,D-0037
P-002502,5,P-002501,D-0037
P-002503,6,P-002502,D-0037
P-002504,7,P-002503,D-0037
P-002505,8,P-002504,D-0037
P-002506,9,P-002505,D-0037
P-002507,10,P-002506,D-0037
P-002508,11,P-002507,D-0037
P-002509,12,P-002508,D-0037
P-002510,13,P-002509,D-0037
P-002511,14,P-002510,D-0037
P-002512,15,P-002511,D-0037
P-002513,16,P-002512,D-0037
P-002514,17,P-002513,D-0037
P-002515,18,P-002514,D-0037
P-002516,19,P-002515,D-0037
P-002517,20,P-002516,D-0037
P-002518,21,P-002517,D-0037
P-002519,22,P-002518,D-0037
P-002520,23,P-002519,D-0037
P-002521,24,P-002520,D-0037
P-002522,25,P-002521,D-0037
P-002523,26,P-002522,D-0037
P-002524,27,P-002523,D-0037
P-002525,28,P-002524,D-0037
P-002526,29,P-002525,D-0037
P-002527,30,P-002526,D-0037
P-002528,31,P-002527,D-0037
P-002529,32,P-002528,D-0037
P-002530,33,P-002529,D-0037
P-002531,34,P-002530,D-0037
P-002532,1,P-002481,D-0037
P-002533,2,P-002532,D-0037
P-002534,3,P-002533,D-0037
P-002535,4,P-002534,D-0037
P-002536,5,P-002535,D-0037
P-002537,6,P-002536,D-0037
P-002538,7,P-002537,D-0037
P-002539,8,P-002538,D-0037
P-002540,9,P-002539,D-0037
P-002541,10,P-002540,D-0037
P-002542,11,P-002541,D-0037
P-002543,12,P-002542,D-0037
P-002544,13,P-002543,D-0037
P-002545,14,P-002544,D-0037
P-002546,15,P-002545,D-0037
P-002547,16,P-002546,D-0037
P-002548,17,P-002547,D-0037
P-002549,18,P-002548,D-0037
P-002550,19,P-002549,D-0037
P-002551,20,P-002550,D-0037
P-002552,21,P-002551,D-0037
P-002553,22,P-002552,D-0037
P-002554,23,P-002553,D-0037
P-002555,24,P-002554,D-0037
P-002556,25,P-002555,D-0037
P-002557,26,P-002556,D-0037
P-002558,27,P-002557,D-0037
P-002559,28,P-002558,D-0037
P-002560,29,P-002559,D-0037
P-002561,30,P-002560,D-0037
P-002562,31,P-002561,D-0037
P-002563,32,P-002562,D-0037
P-002564,1,,D-0038
P-002565,2,P-002564,D-0038
P-002566,3,P-002565,D-0038
P-002567,4,P-002566,D-0038
P-002568,5,P-002567,D-0038
P-002569,6,P-002568,D-0038
P-002570,1,,D-0038
P-002571,2,P-002570,D-0038
P-002572,3,P-002571,D-0038
P-002573,1,,D-0038
P-002574,2,P-002573,D-0038
P-002575,3,P-002574,D-0038
P-002576,4,P-002575,D-0038
P-002577,5,P-002576,D-0038
P-002578,1,P-002575,D-0038
P-002579,2,P-002578,D-0038
P-002580,3,P-002579,D-0038
P-002581,4,P-002580,D-0038
P-002582,1,P-002572,D-0038
P-002583,2,P-002582,D-0038
P-002584,3,P-002583,D-0038
P-002585,4,P-002584,D-0038
P-002586,5,P-002585,D-0038
P-002587,6,P-002586,D-0038
P-002588,7,P-002587,D-0038
P-002589,1,,D-0039
P-002590,2,P-002589,D-0039
P-002591,3,P-002590,D-0039
P-002592,4,P-002591,D-0039
P-002593,5,P-002592,D-0039
P-002594,6,P-002593,D-0039
P-002595,7,P-002594,D-0039
P-002596,8,P-002595,D-0039
P-002597,9,P-002596,D-0039
P-002598,10,P-002597,D-0039
P-002599,11,P-002598,D-0039
P-002600,1,P-002592,D-0039
P-002601,2,P-002600,D-0039
P-002602,3,P-002601,D-0039
P-002603,4,P-002602,D-0039
P-002604,5,P-002603,D-0039
P-002605,6,P-002604,D-0039
P-002606,7,P-002605,D-0039
P-002607,8,P-002606,D-0039
P-002608,9,P-002607,D-0039
P-002609,10,P-002608,D-0039
P-002610,11,P-002609,D-0039
P-002611,12,P-002610,D-0039
P-002612,13,P-002611,D-0039
P-002613,1,P-002604,D-0039
P-002614,2,P-002613,D-0039
P-002615,3,P-002614,D-0039
P-002616,4,P-002615,D-0039
P-002617,5,P-002616,D-0039
P-002618,6,P-002617,D-0039
P-002619,1,,D-0040
P-002620,2,P-002619,D-0040
P-002621,3,P-002620,D-0040
P-002622,4,P-002621,D-0040
P-002623,5,P-002622,D-0040
P-002624,6,P-002623,D-0040
P-002625,7,P-002624,D-0040
P-002626,8,P-002625,D-0040
P-002627,9,P-002626,D-0040
P-002628,10,P-002627,D-0040
P-002629,11,P-002628,D-0040
P-002630,12,P-002629,D-0040
P-002631,13,P-002630,D-0040
P-002632,14,P-002631,D-0040
P-002633,15,P-002632,D-0040
P-002634,16,P-002633,D-0040
P-002635,17,P-002634,D-0040
P-002636,18,P-002635,D-0040
P-002637,19,P-002636,D-0040
P-002638,20,P-002637,D-0040
P-002639,21,P-002638,D-0040
P-002640,22,P-002639,D-0040
P-002641,23,P-002640,D-0040
P-002642,24,P-002641,D-0040
P-002643,25,P-002642,D-0040
P-002644,26,P-002643,D-0040
P-002645,27,P-002644,D-0040
P-002646,28,P-002645,D-0040
P-002647,29,P-002646,D-0040
P-002648,30,P-002647,D-0040
P-002649,31,P-002648,D-0040
P-002650,32,P-002649,D-0040
P-002651,33,P-002650,D-0040
P-002652,34,P-002651,D-0040
P-002653,35,P-002652,D-0040
P-002654,36,P-002653,D-0040
P-002655,37,P-002654,D-0040
P-002656,38,P-002655,D-0040
P-002657,39,P-002656,D-0040
P-002658,40,P-002657,D-0040
P-002659,41,P-002658,D-0040
P-002660,42,P-002659,D-0040
P-002661,43,P-002660,D-0040
P-002662,44,P-002661,D-0040
P-002663,45,P-002662,D-0040
P-002664,46,P-002663,D-0040
P-002665,47,P-002664,D-0040
P-002666,48,P-002665,D-0040
P-002667,1,P-002620,D-0040
P-002668,2,P-002667,D-0040
P-002669,3,P-002668,D-0040
P-002670,4,P-002669,D-0040
P-002671,5,P-002670,D-0040
P-002672,6,P-002671,D-0040
P-002673,7,P-002672,D-0040
P-002674,8,P-002673,D-0040
P-002675,9,P-002674,D-0040
P-002676,10,P-002675,D-0040
P-002677,11,P-002676,D-0040
P-002678,12,P-002677,D-0040
P-002679,13,P-002678,D-0040
P-002680,14,P-002679,D-0040
P-002681,15,P-002680,D-0040
P-002682,16,P-002681,D-0040
P-002683,17,P-002682,D-0040
P-002684,18,P-002683,D-0040
P-002685,19,P-002684,D-0040
P-002686,20,P-002685,D-0040
P-002687,21,P-002686,D-0040
P-002688,22,P-002687,D-0040
P-002689,23,P-002688,D-0040
P-002690,24,P-002689,D-0040
P-002691,25,P-002690,D-0040
P-002692,26,P-002691,D-0040
P-002693,27,P-002692,D-0040
P-002694,28,P-002693,D-0040
P-002695,29,P-002694,D-0040
P-002696,30,P-002695,D-0040
P-002697,31,P-002696,D-0040
P-002698,32,P-002697,D-0040
P-002699,33,P-002698,D-0040
P-002700,34,P-002699,D-0040
P-002701,35,P-002700,D-0040
P-002702,36,P-002701,D-0040
P-002703,37,P-002702,D-0040
P-002704,38,P-002703,D-0040
P-002705,39,P-002704,D-0040
P-002706,40,P-002705,D-0040
P-002707,41,P-002706,D-0040
